family,scope,dataset_scope,model_scope,effect,estimand,kind,n_subjects_total,n_subjects_available,n_subjects_unavailable,n_datasets_total,n_datasets_available,n_seeds_expected,n_models_expected,n_models_available_min,n_models_available_max,model_availability_policy,n_seeds_available_min,n_seeds_available_max,draws,estimate,ci_low,ci_high,n_subjects,n_datasets,sign_flip_two_sided_p,undefined_reason,estimand_population,holm_adjusted_p,multiplicity_family,n_hypotheses_planned,n_hypotheses_testable
expanded_secondary,model,all,logistic,aps_a0.1_coverage_gap,aps_a0.1_coverage_gap,contrast,80,80,0,2,2,10,1,1,1,all_required_models,10,10,5000,0.0036365748818964986,-0.016930406870812254,0.021416039782447528,80,2,0.7182563487302539,defined,available participants within each dataset; model_availability_policy explicitly recorded; available repeated-seed values averaged within model,1.0,all_reported_expanded_secondary_contrasts_including_supplementary_scopes,270,270
expanded_secondary,model,all,random_forest,aps_a0.1_coverage_gap,aps_a0.1_coverage_gap,contrast,80,80,0,2,2,10,1,1,1,all_required_models,10,10,5000,0.013256351413215076,0.0011122661101365858,0.025026970102306846,80,2,0.03179364127174565,defined,available participants within each dataset; model_availability_policy explicitly recorded; available repeated-seed values averaged within model,1.0,all_reported_expanded_secondary_contrasts_including_supplementary_scopes,270,270
expanded_secondary,model,all,extra_trees,aps_a0.1_coverage_gap,aps_a0.1_coverage_gap,contrast,80,80,0,2,2,10,1,1,1,all_required_models,10,10,5000,0.009803811681505846,-0.0028461730836957222,0.02247297055944896,80,2,0.14957008598280344,defined,available participants within each dataset; model_availability_policy explicitly recorded; available repeated-seed values averaged within model,1.0,all_reported_expanded_secondary_contrasts_including_supplementary_scopes,270,270
expanded_secondary,model,all,hist_gradient_boosting,aps_a0.1_coverage_gap,aps_a0.1_coverage_gap,contrast,80,80,0,2,2,10,1,1,1,all_required_models,10,10,5000,-0.002169659890283558,-0.01637135636715784,0.010968880940292693,80,2,0.7616476704659069,defined,available participants within each dataset; model_availability_policy explicitly recorded; available repeated-seed values averaged within model,1.0,all_reported_expanded_secondary_contrasts_including_supplementary_scopes,270,270
expanded_secondary,model,all,cnn1d,aps_a0.1_coverage_gap,aps_a0.1_coverage_gap,contrast,80,80,0,2,2,10,1,1,1,all_required_models,10,10,5000,-6.340754801176219e-05,-0.015907092031718067,0.015090236902289368,80,2,0.9926014797040592,defined,available participants within each dataset; model_availability_policy explicitly recorded; available repeated-seed values averaged within model,1.0,all_reported_expanded_secondary_contrasts_including_supplementary_scopes,270,270
expanded_secondary,model_dataset,uci_har,logistic,aps_a0.1_coverage_gap,aps_a0.1_coverage_gap,contrast,30,30,0,1,1,10,1,1,1,all_required_models,10,10,5000,-0.008600975907355833,-0.0397792058872828,0.01931654894565604,30,1,0.6242751449710058,defined,available participants within each dataset; model_availability_policy explicitly recorded; available repeated-seed values averaged within model,1.0,all_reported_expanded_secondary_contrasts_including_supplementary_scopes,270,270
expanded_secondary,model_dataset,uci_har,random_forest,aps_a0.1_coverage_gap,aps_a0.1_coverage_gap,contrast,30,30,0,1,1,10,1,1,1,all_required_models,10,10,5000,0.011402126938113296,-0.008464221793665405,0.030040555771640595,30,1,0.2641471705658868,defined,available participants within each dataset; model_availability_policy explicitly recorded; available repeated-seed values averaged within model,1.0,all_reported_expanded_secondary_contrasts_including_supplementary_scopes,270,270
expanded_secondary,model_dataset,uci_har,extra_trees,aps_a0.1_coverage_gap,aps_a0.1_coverage_gap,contrast,30,30,0,1,1,10,1,1,1,all_required_models,10,10,5000,0.002731096911433291,-0.017215847048379862,0.022436842350243222,30,1,0.7884423115376925,defined,available participants within each dataset; model_availability_policy explicitly recorded; available repeated-seed values averaged within model,1.0,all_reported_expanded_secondary_contrasts_including_supplementary_scopes,270,270
expanded_secondary,model_dataset,uci_har,hist_gradient_boosting,aps_a0.1_coverage_gap,aps_a0.1_coverage_gap,contrast,30,30,0,1,1,10,1,1,1,all_required_models,10,10,5000,0.00030005400405500846,-0.024767544629584946,0.023190508219168345,30,1,0.9814037192561488,defined,available participants within each dataset; model_availability_policy explicitly recorded; available repeated-seed values averaged within model,1.0,all_reported_expanded_secondary_contrasts_including_supplementary_scopes,270,270
expanded_secondary,model_dataset,uci_har,cnn1d,aps_a0.1_coverage_gap,aps_a0.1_coverage_gap,contrast,30,30,0,1,1,10,1,1,1,all_required_models,10,10,5000,-0.003640441416133272,-0.028786150057005837,0.020561457819845277,30,1,0.7822435512897421,defined,available participants within each dataset; model_availability_policy explicitly recorded; available repeated-seed values averaged within model,1.0,all_reported_expanded_secondary_contrasts_including_supplementary_scopes,270,270
expanded_secondary,model_dataset,wisdm_watch_accel,logistic,aps_a0.1_coverage_gap,aps_a0.1_coverage_gap,contrast,50,50,0,1,1,10,1,1,1,all_required_models,10,10,5000,0.01587412567114883,-0.009624253617577702,0.037135787446169924,50,1,0.19816036792641473,defined,available participants within each dataset; model_availability_policy explicitly recorded; available repeated-seed values averaged within model,1.0,all_reported_expanded_secondary_contrasts_including_supplementary_scopes,270,270
expanded_secondary,model_dataset,wisdm_watch_accel,random_forest,aps_a0.1_coverage_gap,aps_a0.1_coverage_gap,contrast,50,50,0,1,1,10,1,1,1,all_required_models,10,10,5000,0.015110575888316857,0.0005882496857130151,0.028523193312992814,50,1,0.03819236152769446,defined,available participants within each dataset; model_availability_policy explicitly recorded; available repeated-seed values averaged within model,1.0,all_reported_expanded_secondary_contrasts_including_supplementary_scopes,270,270
expanded_secondary,model_dataset,wisdm_watch_accel,extra_trees,aps_a0.1_coverage_gap,aps_a0.1_coverage_gap,contrast,50,50,0,1,1,10,1,1,1,all_required_models,10,10,5000,0.0168765264515784,-0.0006021571799255269,0.032600176824161435,50,1,0.04839032193561288,defined,available participants within each dataset; model_availability_policy explicitly recorded; available repeated-seed values averaged within model,1.0,all_reported_expanded_secondary_contrasts_including_supplementary_scopes,270,270
expanded_secondary,model_dataset,wisdm_watch_accel,hist_gradient_boosting,aps_a0.1_coverage_gap,aps_a0.1_coverage_gap,contrast,50,50,0,1,1,10,1,1,1,all_required_models,10,10,5000,-0.004639373784622124,-0.01849273055037457,0.008622426072649183,50,1,0.485502899420116,defined,available participants within each dataset; model_availability_policy explicitly recorded; available repeated-seed values averaged within model,1.0,all_reported_expanded_secondary_contrasts_including_supplementary_scopes,270,270
expanded_secondary,model_dataset,wisdm_watch_accel,cnn1d,aps_a0.1_coverage_gap,aps_a0.1_coverage_gap,contrast,50,50,0,1,1,10,1,1,1,all_required_models,10,10,5000,0.0035136263201097475,-0.016670456708279952,0.020543267119078536,50,1,0.7220555888822235,defined,available participants within each dataset; model_availability_policy explicitly recorded; available repeated-seed values averaged within model,1.0,all_reported_expanded_secondary_contrasts_including_supplementary_scopes,270,270
expanded_secondary,model,all,logistic,aps_a0.1_mean_size,aps_a0.1_mean_size,descriptive,80,80,0,2,2,10,1,1,1,all_required_models,10,10,5000,4.8838306071338,4.6909760865428725,5.0829538638235165,80,2,,defined,available participants within each dataset; model_availability_policy explicitly recorded; available repeated-seed values averaged within model,,all_reported_expanded_secondary_contrasts_including_supplementary_scopes,270,270
expanded_secondary,model,all,random_forest,aps_a0.1_mean_size,aps_a0.1_mean_size,descriptive,80,80,0,2,2,10,1,1,1,all_required_models,10,10,5000,4.1659658349690485,3.9189251365869597,4.423130066285501,80,2,,defined,available participants within each dataset; model_availability_policy explicitly recorded; available repeated-seed values averaged within model,,all_reported_expanded_secondary_contrasts_including_supplementary_scopes,270,270
expanded_secondary,model,all,extra_trees,aps_a0.1_mean_size,aps_a0.1_mean_size,descriptive,80,80,0,2,2,10,1,1,1,all_required_models,10,10,5000,3.944814431259174,3.6997710865867344,4.194565958406032,80,2,,defined,available participants within each dataset; model_availability_policy explicitly recorded; available repeated-seed values averaged within model,,all_reported_expanded_secondary_contrasts_including_supplementary_scopes,270,270
expanded_secondary,model,all,hist_gradient_boosting,aps_a0.1_mean_size,aps_a0.1_mean_size,descriptive,80,80,0,2,2,10,1,1,1,all_required_models,10,10,5000,6.320788442585515,5.988524858628238,6.658168094222226,80,2,,defined,available participants within each dataset; model_availability_policy explicitly recorded; available repeated-seed values averaged within model,,all_reported_expanded_secondary_contrasts_including_supplementary_scopes,270,270
expanded_secondary,model,all,cnn1d,aps_a0.1_mean_size,aps_a0.1_mean_size,descriptive,80,80,0,2,2,10,1,1,1,all_required_models,10,10,5000,6.01101967196015,5.821129632325919,6.20380545762846,80,2,,defined,available participants within each dataset; model_availability_policy explicitly recorded; available repeated-seed values averaged within model,,all_reported_expanded_secondary_contrasts_including_supplementary_scopes,270,270
expanded_secondary,model_dataset,uci_har,logistic,aps_a0.1_mean_size,aps_a0.1_mean_size,descriptive,30,30,0,1,1,10,1,1,1,all_required_models,10,10,5000,1.6357501495913134,1.521205028172904,1.759883670175782,30,1,,defined,available participants within each dataset; model_availability_policy explicitly recorded; available repeated-seed values averaged within model,,all_reported_expanded_secondary_contrasts_including_supplementary_scopes,270,270
expanded_secondary,model_dataset,uci_har,random_forest,aps_a0.1_mean_size,aps_a0.1_mean_size,descriptive,30,30,0,1,1,10,1,1,1,all_required_models,10,10,5000,1.5745398103557693,1.4868273366591025,1.6713788260178213,30,1,,defined,available participants within each dataset; model_availability_policy explicitly recorded; available repeated-seed values averaged within model,,all_reported_expanded_secondary_contrasts_including_supplementary_scopes,270,270
expanded_secondary,model_dataset,uci_har,extra_trees,aps_a0.1_mean_size,aps_a0.1_mean_size,descriptive,30,30,0,1,1,10,1,1,1,all_required_models,10,10,5000,1.4448138893610243,1.3724984295121465,1.5227072865044171,30,1,,defined,available participants within each dataset; model_availability_policy explicitly recorded; available repeated-seed values averaged within model,,all_reported_expanded_secondary_contrasts_including_supplementary_scopes,270,270
expanded_secondary,model_dataset,uci_har,hist_gradient_boosting,aps_a0.1_mean_size,aps_a0.1_mean_size,descriptive,30,30,0,1,1,10,1,1,1,all_required_models,10,10,5000,2.796959091594772,2.5849688123853185,3.011788571128215,30,1,,defined,available participants within each dataset; model_availability_policy explicitly recorded; available repeated-seed values averaged within model,,all_reported_expanded_secondary_contrasts_including_supplementary_scopes,270,270
expanded_secondary,model_dataset,uci_har,cnn1d,aps_a0.1_mean_size,aps_a0.1_mean_size,descriptive,30,30,0,1,1,10,1,1,1,all_required_models,10,10,5000,3.1902364455074284,3.0516756297690533,3.333141129896932,30,1,,defined,available participants within each dataset; model_availability_policy explicitly recorded; available repeated-seed values averaged within model,,all_reported_expanded_secondary_contrasts_including_supplementary_scopes,270,270
expanded_secondary,model_dataset,wisdm_watch_accel,logistic,aps_a0.1_mean_size,aps_a0.1_mean_size,descriptive,50,50,0,1,1,10,1,1,1,all_required_models,10,10,5000,8.131911064676286,7.7691381950767315,8.50489391464949,50,1,,defined,available participants within each dataset; model_availability_policy explicitly recorded; available repeated-seed values averaged within model,,all_reported_expanded_secondary_contrasts_including_supplementary_scopes,270,270
expanded_secondary,model_dataset,wisdm_watch_accel,random_forest,aps_a0.1_mean_size,aps_a0.1_mean_size,descriptive,50,50,0,1,1,10,1,1,1,all_required_models,10,10,5000,6.757391859582327,6.2880335484712315,7.279533740615306,50,1,,defined,available participants within each dataset; model_availability_policy explicitly recorded; available repeated-seed values averaged within model,,all_reported_expanded_secondary_contrasts_including_supplementary_scopes,270,270
expanded_secondary,model_dataset,wisdm_watch_accel,extra_trees,aps_a0.1_mean_size,aps_a0.1_mean_size,descriptive,50,50,0,1,1,10,1,1,1,all_required_models,10,10,5000,6.444814973157324,5.977309086722841,6.945291254984646,50,1,,defined,available participants within each dataset; model_availability_policy explicitly recorded; available repeated-seed values averaged within model,,all_reported_expanded_secondary_contrasts_including_supplementary_scopes,270,270
expanded_secondary,model_dataset,wisdm_watch_accel,hist_gradient_boosting,aps_a0.1_mean_size,aps_a0.1_mean_size,descriptive,50,50,0,1,1,10,1,1,1,all_required_models,10,10,5000,9.844617793576258,9.22483947531587,10.505801345098153,50,1,,defined,available participants within each dataset; model_availability_policy explicitly recorded; available repeated-seed values averaged within model,,all_reported_expanded_secondary_contrasts_including_supplementary_scopes,270,270
expanded_secondary,model_dataset,wisdm_watch_accel,cnn1d,aps_a0.1_mean_size,aps_a0.1_mean_size,descriptive,50,50,0,1,1,10,1,1,1,all_required_models,10,10,5000,8.831802898412871,8.4823605154897,9.197607658129975,50,1,,defined,available participants within each dataset; model_availability_policy explicitly recorded; available repeated-seed values averaged within model,,all_reported_expanded_secondary_contrasts_including_supplementary_scopes,270,270
expanded_secondary,model,all,logistic,aps_a0.1_singleton_error,aps_a0.1_singleton_error,descriptive,80,80,0,2,2,10,1,1,1,all_required_models,5,10,5000,0.0767729598386817,0.05016952083981005,0.10734981538402928,80,2,,defined,available participants within each dataset; model_availability_policy explicitly recorded; available repeated-seed values averaged within model,,all_reported_expanded_secondary_contrasts_including_supplementary_scopes,270,270
expanded_secondary,model,all,random_forest,aps_a0.1_singleton_error,aps_a0.1_singleton_error,descriptive,80,78,2,2,2,10,1,0,1,all_required_models,0,10,5000,0.06213002197049311,0.0418418278524388,0.08917855413976246,78,2,,defined,available participants within each dataset; model_availability_policy explicitly recorded; available repeated-seed values averaged within model,,all_reported_expanded_secondary_contrasts_including_supplementary_scopes,270,270
expanded_secondary,model,all,extra_trees,aps_a0.1_singleton_error,aps_a0.1_singleton_error,descriptive,80,79,1,2,2,10,1,0,1,all_required_models,0,10,5000,0.07229090598995563,0.050039588446736914,0.09962632132468259,79,2,,defined,available participants within each dataset; model_availability_policy explicitly recorded; available repeated-seed values averaged within model,,all_reported_expanded_secondary_contrasts_including_supplementary_scopes,270,270
expanded_secondary,model,all,hist_gradient_boosting,aps_a0.1_singleton_error,aps_a0.1_singleton_error,descriptive,80,80,0,2,2,10,1,1,1,all_required_models,2,10,5000,0.030598269288628552,0.01482087671266977,0.05106671032521986,80,2,,defined,available participants within each dataset; model_availability_policy explicitly recorded; available repeated-seed values averaged within model,,all_reported_expanded_secondary_contrasts_including_supplementary_scopes,270,270
expanded_secondary,model,all,cnn1d,aps_a0.1_singleton_error,aps_a0.1_singleton_error,descriptive,80,79,1,2,2,10,1,0,1,all_required_models,0,10,5000,0.038871898198853325,0.01773873555835417,0.06620604846669094,79,2,,defined,available participants within each dataset; model_availability_policy explicitly recorded; available repeated-seed values averaged within model,,all_reported_expanded_secondary_contrasts_including_supplementary_scopes,270,270
expanded_secondary,model_dataset,uci_har,logistic,aps_a0.1_singleton_error,aps_a0.1_singleton_error,descriptive,30,30,0,1,1,10,1,1,1,all_required_models,10,10,5000,0.027143985170693823,0.005886185442421108,0.062490322702333595,30,1,,defined,available participants within each dataset; model_availability_policy explicitly recorded; available repeated-seed values averaged within model,,all_reported_expanded_secondary_contrasts_including_supplementary_scopes,270,270
expanded_secondary,model_dataset,uci_har,random_forest,aps_a0.1_singleton_error,aps_a0.1_singleton_error,descriptive,30,30,0,1,1,10,1,1,1,all_required_models,10,10,5000,0.06413140637539641,0.04253772281817017,0.08859847379869779,30,1,,defined,available participants within each dataset; model_availability_policy explicitly recorded; available repeated-seed values averaged within model,,all_reported_expanded_secondary_contrasts_including_supplementary_scopes,270,270
expanded_secondary,model_dataset,uci_har,extra_trees,aps_a0.1_singleton_error,aps_a0.1_singleton_error,descriptive,30,30,0,1,1,10,1,1,1,all_required_models,10,10,5000,0.062238053626631706,0.04145327542771034,0.0848067585084536,30,1,,defined,available participants within each dataset; model_availability_policy explicitly recorded; available repeated-seed values averaged within model,,all_reported_expanded_secondary_contrasts_including_supplementary_scopes,270,270
expanded_secondary,model_dataset,uci_har,hist_gradient_boosting,aps_a0.1_singleton_error,aps_a0.1_singleton_error,descriptive,30,30,0,1,1,10,1,1,1,all_required_models,10,10,5000,0.005927620438769667,6.34920634920635e-05,0.01577122985013208,30,1,,defined,available participants within each dataset; model_availability_policy explicitly recorded; available repeated-seed values averaged within model,,all_reported_expanded_secondary_contrasts_including_supplementary_scopes,270,270
expanded_secondary,model_dataset,uci_har,cnn1d,aps_a0.1_singleton_error,aps_a0.1_singleton_error,descriptive,30,30,0,1,1,10,1,1,1,all_required_models,4,10,5000,0.009306540391775944,4.597701149425287e-05,0.026848374901198943,30,1,,defined,available participants within each dataset; model_availability_policy explicitly recorded; available repeated-seed values averaged within model,,all_reported_expanded_secondary_contrasts_including_supplementary_scopes,270,270
expanded_secondary,model_dataset,wisdm_watch_accel,logistic,aps_a0.1_singleton_error,aps_a0.1_singleton_error,descriptive,50,50,0,1,1,10,1,1,1,all_required_models,5,10,5000,0.12640193450666956,0.08046821641177855,0.17718102420620768,50,1,,defined,available participants within each dataset; model_availability_policy explicitly recorded; available repeated-seed values averaged within model,,all_reported_expanded_secondary_contrasts_including_supplementary_scopes,270,270
expanded_secondary,model_dataset,wisdm_watch_accel,random_forest,aps_a0.1_singleton_error,aps_a0.1_singleton_error,descriptive,50,48,2,1,1,10,1,0,1,all_required_models,0,10,5000,0.0601286375655898,0.030691952299377327,0.10807335539580229,48,1,,defined,available participants within each dataset; model_availability_policy explicitly recorded; available repeated-seed values averaged within model,,all_reported_expanded_secondary_contrasts_including_supplementary_scopes,270,270
expanded_secondary,model_dataset,wisdm_watch_accel,extra_trees,aps_a0.1_singleton_error,aps_a0.1_singleton_error,descriptive,50,49,1,1,1,10,1,0,1,all_required_models,0,10,5000,0.08234375835327958,0.0436040981137164,0.13270056925270152,49,1,,defined,available participants within each dataset; model_availability_policy explicitly recorded; available repeated-seed values averaged within model,,all_reported_expanded_secondary_contrasts_including_supplementary_scopes,270,270
expanded_secondary,model_dataset,wisdm_watch_accel,hist_gradient_boosting,aps_a0.1_singleton_error,aps_a0.1_singleton_error,descriptive,50,50,0,1,1,10,1,1,1,all_required_models,2,10,5000,0.05526891813848744,0.025688421348060403,0.09520192923771315,50,1,,defined,available participants within each dataset; model_availability_policy explicitly recorded; available repeated-seed values averaged within model,,all_reported_expanded_secondary_contrasts_including_supplementary_scopes,270,270
expanded_secondary,model_dataset,wisdm_watch_accel,cnn1d,aps_a0.1_singleton_error,aps_a0.1_singleton_error,descriptive,50,49,1,1,1,10,1,0,1,all_required_models,0,10,5000,0.0684372560059307,0.029604568918615223,0.1204163319541227,49,1,,defined,available participants within each dataset; model_availability_policy explicitly recorded; available repeated-seed values averaged within model,,all_reported_expanded_secondary_contrasts_including_supplementary_scopes,270,270
expanded_secondary,model,all,logistic,aps_a0.2_coverage_gap,aps_a0.2_coverage_gap,contrast,80,80,0,2,2,10,1,1,1,all_required_models,10,10,5000,0.007961602511519453,-0.017485522584131385,0.03131818331288013,80,2,0.5240951809638073,defined,available participants within each dataset; model_availability_policy explicitly recorded; available repeated-seed values averaged within model,1.0,all_reported_expanded_secondary_contrasts_including_supplementary_scopes,270,270
expanded_secondary,model,all,random_forest,aps_a0.2_coverage_gap,aps_a0.2_coverage_gap,contrast,80,80,0,2,2,10,1,1,1,all_required_models,10,10,5000,0.016323949981433054,-0.0014404535693342778,0.033628768977949204,80,2,0.07238552289542091,defined,available participants within each dataset; model_availability_policy explicitly recorded; available repeated-seed values averaged within model,1.0,all_reported_expanded_secondary_contrasts_including_supplementary_scopes,270,270
expanded_secondary,model,all,extra_trees,aps_a0.2_coverage_gap,aps_a0.2_coverage_gap,contrast,80,80,0,2,2,10,1,1,1,all_required_models,10,10,5000,0.01498499486690946,-0.0031852699525388396,0.03317766071972038,80,2,0.11537692461507698,defined,available participants within each dataset; model_availability_policy explicitly recorded; available repeated-seed values averaged within model,1.0,all_reported_expanded_secondary_contrasts_including_supplementary_scopes,270,270
expanded_secondary,model,all,hist_gradient_boosting,aps_a0.2_coverage_gap,aps_a0.2_coverage_gap,contrast,80,80,0,2,2,10,1,1,1,all_required_models,10,10,5000,-0.0022147201450645106,-0.025285688661443543,0.01899991832047682,80,2,0.8482303539292142,defined,available participants within each dataset; model_availability_policy explicitly recorded; available repeated-seed values averaged within model,1.0,all_reported_expanded_secondary_contrasts_including_supplementary_scopes,270,270
expanded_secondary,model,all,cnn1d,aps_a0.2_coverage_gap,aps_a0.2_coverage_gap,contrast,80,80,0,2,2,10,1,1,1,all_required_models,10,10,5000,0.0030436154642640325,-0.016296179694716577,0.0218162377232009,80,2,0.7608478304339132,defined,available participants within each dataset; model_availability_policy explicitly recorded; available repeated-seed values averaged within model,1.0,all_reported_expanded_secondary_contrasts_including_supplementary_scopes,270,270
expanded_secondary,model_dataset,uci_har,logistic,aps_a0.2_coverage_gap,aps_a0.2_coverage_gap,contrast,30,30,0,1,1,10,1,1,1,all_required_models,10,10,5000,-0.006932104555680491,-0.04338381833173991,0.029885181123898544,30,1,0.715256948610278,defined,available participants within each dataset; model_availability_policy explicitly recorded; available repeated-seed values averaged within model,1.0,all_reported_expanded_secondary_contrasts_including_supplementary_scopes,270,270
expanded_secondary,model_dataset,uci_har,random_forest,aps_a0.2_coverage_gap,aps_a0.2_coverage_gap,contrast,30,30,0,1,1,10,1,1,1,all_required_models,10,10,5000,0.013088633475190264,-0.01392902745312959,0.039397579822500334,30,1,0.35232953409318135,defined,available participants within each dataset; model_availability_policy explicitly recorded; available repeated-seed values averaged within model,1.0,all_reported_expanded_secondary_contrasts_including_supplementary_scopes,270,270
expanded_secondary,model_dataset,uci_har,extra_trees,aps_a0.2_coverage_gap,aps_a0.2_coverage_gap,contrast,30,30,0,1,1,10,1,1,1,all_required_models,10,10,5000,0.0030981958198160087,-0.023479454914191237,0.030106016570251512,30,1,0.8340331933613278,defined,available participants within each dataset; model_availability_policy explicitly recorded; available repeated-seed values averaged within model,1.0,all_reported_expanded_secondary_contrasts_including_supplementary_scopes,270,270
expanded_secondary,model_dataset,uci_har,hist_gradient_boosting,aps_a0.2_coverage_gap,aps_a0.2_coverage_gap,contrast,30,30,0,1,1,10,1,1,1,all_required_models,10,10,5000,0.0005692455036093592,-0.039145807453543194,0.03774729081544519,30,1,0.981003799240152,defined,available participants within each dataset; model_availability_policy explicitly recorded; available repeated-seed values averaged within model,1.0,all_reported_expanded_secondary_contrasts_including_supplementary_scopes,270,270
expanded_secondary,model_dataset,uci_har,cnn1d,aps_a0.2_coverage_gap,aps_a0.2_coverage_gap,contrast,30,30,0,1,1,10,1,1,1,all_required_models,10,10,5000,-0.0066626256932819155,-0.03429313665211828,0.02054343206973123,30,1,0.6354729054189162,defined,available participants within each dataset; model_availability_policy explicitly recorded; available repeated-seed values averaged within model,1.0,all_reported_expanded_secondary_contrasts_including_supplementary_scopes,270,270
expanded_secondary,model_dataset,wisdm_watch_accel,logistic,aps_a0.2_coverage_gap,aps_a0.2_coverage_gap,contrast,50,50,0,1,1,10,1,1,1,all_required_models,10,10,5000,0.0228553095787194,-0.009937693570887089,0.05157945359998834,50,1,0.15856828634273146,defined,available participants within each dataset; model_availability_policy explicitly recorded; available repeated-seed values averaged within model,1.0,all_reported_expanded_secondary_contrasts_including_supplementary_scopes,270,270
expanded_secondary,model_dataset,wisdm_watch_accel,random_forest,aps_a0.2_coverage_gap,aps_a0.2_coverage_gap,contrast,50,50,0,1,1,10,1,1,1,all_required_models,10,10,5000,0.019559266487675843,-0.0032991318284234902,0.04147710507718235,50,1,0.09278144371125775,defined,available participants within each dataset; model_availability_policy explicitly recorded; available repeated-seed values averaged within model,1.0,all_reported_expanded_secondary_contrasts_including_supplementary_scopes,270,270
expanded_secondary,model_dataset,wisdm_watch_accel,extra_trees,aps_a0.2_coverage_gap,aps_a0.2_coverage_gap,contrast,50,50,0,1,1,10,1,1,1,all_required_models,10,10,5000,0.026871793914002913,0.0009269734947191175,0.051209824230892736,50,1,0.04379124175164967,defined,available participants within each dataset; model_availability_policy explicitly recorded; available repeated-seed values averaged within model,1.0,all_reported_expanded_secondary_contrasts_including_supplementary_scopes,270,270
expanded_secondary,model_dataset,wisdm_watch_accel,hist_gradient_boosting,aps_a0.2_coverage_gap,aps_a0.2_coverage_gap,contrast,50,50,0,1,1,10,1,1,1,all_required_models,10,10,5000,-0.004998685793738381,-0.02589108910559896,0.016065529209493112,50,1,0.6332733453309338,defined,available participants within each dataset; model_availability_policy explicitly recorded; available repeated-seed values averaged within model,1.0,all_reported_expanded_secondary_contrasts_including_supplementary_scopes,270,270
expanded_secondary,model_dataset,wisdm_watch_accel,cnn1d,aps_a0.2_coverage_gap,aps_a0.2_coverage_gap,contrast,50,50,0,1,1,10,1,1,1,all_required_models,10,10,5000,0.01274985662180998,-0.01532553838563282,0.03775813429477559,50,1,0.3577284543091382,defined,available participants within each dataset; model_availability_policy explicitly recorded; available repeated-seed values averaged within model,1.0,all_reported_expanded_secondary_contrasts_including_supplementary_scopes,270,270
expanded_secondary,model,all,logistic,aps_a0.2_mean_size,aps_a0.2_mean_size,descriptive,80,80,0,2,2,10,1,1,1,all_required_models,10,10,5000,3.218511906508781,3.071602078989885,3.3690255104998883,80,2,,defined,available participants within each dataset; model_availability_policy explicitly recorded; available repeated-seed values averaged within model,,all_reported_expanded_secondary_contrasts_including_supplementary_scopes,270,270
expanded_secondary,model,all,random_forest,aps_a0.2_mean_size,aps_a0.2_mean_size,descriptive,80,80,0,2,2,10,1,1,1,all_required_models,10,10,5000,2.8833931595430533,2.6994224787564827,3.07562097657643,80,2,,defined,available participants within each dataset; model_availability_policy explicitly recorded; available repeated-seed values averaged within model,,all_reported_expanded_secondary_contrasts_including_supplementary_scopes,270,270
expanded_secondary,model,all,extra_trees,aps_a0.2_mean_size,aps_a0.2_mean_size,descriptive,80,80,0,2,2,10,1,1,1,all_required_models,10,10,5000,2.7349656394345843,2.565348595403524,2.9111193997623053,80,2,,defined,available participants within each dataset; model_availability_policy explicitly recorded; available repeated-seed values averaged within model,,all_reported_expanded_secondary_contrasts_including_supplementary_scopes,270,270
expanded_secondary,model,all,hist_gradient_boosting,aps_a0.2_mean_size,aps_a0.2_mean_size,descriptive,80,80,0,2,2,10,1,1,1,all_required_models,10,10,5000,4.781642778424465,4.448891469225003,5.128878990627962,80,2,,defined,available participants within each dataset; model_availability_policy explicitly recorded; available repeated-seed values averaged within model,,all_reported_expanded_secondary_contrasts_including_supplementary_scopes,270,270
expanded_secondary,model,all,cnn1d,aps_a0.2_mean_size,aps_a0.2_mean_size,descriptive,80,80,0,2,2,10,1,1,1,all_required_models,10,10,5000,4.163241530855946,3.9913319309699076,4.346551923753899,80,2,,defined,available participants within each dataset; model_availability_policy explicitly recorded; available repeated-seed values averaged within model,,all_reported_expanded_secondary_contrasts_including_supplementary_scopes,270,270
expanded_secondary,model_dataset,uci_har,logistic,aps_a0.2_mean_size,aps_a0.2_mean_size,descriptive,30,30,0,1,1,10,1,1,1,all_required_models,10,10,5000,1.2789313415747918,1.1851235961610844,1.3836659477764517,30,1,,defined,available participants within each dataset; model_availability_policy explicitly recorded; available repeated-seed values averaged within model,,all_reported_expanded_secondary_contrasts_including_supplementary_scopes,270,270
expanded_secondary,model_dataset,uci_har,random_forest,aps_a0.2_mean_size,aps_a0.2_mean_size,descriptive,30,30,0,1,1,10,1,1,1,all_required_models,10,10,5000,1.2885683912946047,1.2064105961222673,1.3774720799470046,30,1,,defined,available participants within each dataset; model_availability_policy explicitly recorded; available repeated-seed values averaged within model,,all_reported_expanded_secondary_contrasts_including_supplementary_scopes,270,270
expanded_secondary,model_dataset,uci_har,extra_trees,aps_a0.2_mean_size,aps_a0.2_mean_size,descriptive,30,30,0,1,1,10,1,1,1,all_required_models,10,10,5000,1.1772750839110273,1.108763751194373,1.2503145840030314,30,1,,defined,available participants within each dataset; model_availability_policy explicitly recorded; available repeated-seed values averaged within model,,all_reported_expanded_secondary_contrasts_including_supplementary_scopes,270,270
expanded_secondary,model_dataset,uci_har,hist_gradient_boosting,aps_a0.2_mean_size,aps_a0.2_mean_size,descriptive,30,30,0,1,1,10,1,1,1,all_required_models,10,10,5000,2.3900114016994256,2.1596622266249343,2.61935204434041,30,1,,defined,available participants within each dataset; model_availability_policy explicitly recorded; available repeated-seed values averaged within model,,all_reported_expanded_secondary_contrasts_including_supplementary_scopes,270,270
expanded_secondary,model_dataset,uci_har,cnn1d,aps_a0.2_mean_size,aps_a0.2_mean_size,descriptive,30,30,0,1,1,10,1,1,1,all_required_models,10,10,5000,2.3113663788348684,2.14589146146312,2.479385354206919,30,1,,defined,available participants within each dataset; model_availability_policy explicitly recorded; available repeated-seed values averaged within model,,all_reported_expanded_secondary_contrasts_including_supplementary_scopes,270,270
expanded_secondary,model_dataset,wisdm_watch_accel,logistic,aps_a0.2_mean_size,aps_a0.2_mean_size,descriptive,50,50,0,1,1,10,1,1,1,all_required_models,10,10,5000,5.15809247144277,4.885813976717021,5.4372392444037025,50,1,,defined,available participants within each dataset; model_availability_policy explicitly recorded; available repeated-seed values averaged within model,,all_reported_expanded_secondary_contrasts_including_supplementary_scopes,270,270
expanded_secondary,model_dataset,wisdm_watch_accel,random_forest,aps_a0.2_mean_size,aps_a0.2_mean_size,descriptive,50,50,0,1,1,10,1,1,1,all_required_models,10,10,5000,4.478217927791502,4.128525440859586,4.858275430766057,50,1,,defined,available participants within each dataset; model_availability_policy explicitly recorded; available repeated-seed values averaged within model,,all_reported_expanded_secondary_contrasts_including_supplementary_scopes,270,270
expanded_secondary,model_dataset,wisdm_watch_accel,extra_trees,aps_a0.2_mean_size,aps_a0.2_mean_size,descriptive,50,50,0,1,1,10,1,1,1,all_required_models,10,10,5000,4.292656194958141,3.97750816758662,4.6428501278856995,50,1,,defined,available participants within each dataset; model_availability_policy explicitly recorded; available repeated-seed values averaged within model,,all_reported_expanded_secondary_contrasts_including_supplementary_scopes,270,270
expanded_secondary,model_dataset,wisdm_watch_accel,hist_gradient_boosting,aps_a0.2_mean_size,aps_a0.2_mean_size,descriptive,50,50,0,1,1,10,1,1,1,all_required_models,10,10,5000,7.173274155149504,6.552020006314163,7.847609273922364,50,1,,defined,available participants within each dataset; model_availability_policy explicitly recorded; available repeated-seed values averaged within model,,all_reported_expanded_secondary_contrasts_including_supplementary_scopes,270,270
expanded_secondary,model_dataset,wisdm_watch_accel,cnn1d,aps_a0.2_mean_size,aps_a0.2_mean_size,descriptive,50,50,0,1,1,10,1,1,1,all_required_models,10,10,5000,6.015116682877024,5.717265289876319,6.336796072248643,50,1,,defined,available participants within each dataset; model_availability_policy explicitly recorded; available repeated-seed values averaged within model,,all_reported_expanded_secondary_contrasts_including_supplementary_scopes,270,270
expanded_secondary,model,all,logistic,aps_a0.2_singleton_error,aps_a0.2_singleton_error,descriptive,80,80,0,2,2,10,1,1,1,all_required_models,9,10,5000,0.11321677772593032,0.0834737097506089,0.14733390931137555,80,2,,defined,available participants within each dataset; model_availability_policy explicitly recorded; available repeated-seed values averaged within model,,all_reported_expanded_secondary_contrasts_including_supplementary_scopes,270,270
expanded_secondary,model,all,random_forest,aps_a0.2_singleton_error,aps_a0.2_singleton_error,descriptive,80,80,0,2,2,10,1,1,1,all_required_models,1,10,5000,0.08925364798936208,0.06833643303808032,0.11565479125949792,80,2,,defined,available participants within each dataset; model_availability_policy explicitly recorded; available repeated-seed values averaged within model,,all_reported_expanded_secondary_contrasts_including_supplementary_scopes,270,270
expanded_secondary,model,all,extra_trees,aps_a0.2_singleton_error,aps_a0.2_singleton_error,descriptive,80,80,0,2,2,10,1,1,1,all_required_models,3,10,5000,0.08571727795020176,0.0659607084999318,0.1115656954091745,80,2,,defined,available participants within each dataset; model_availability_policy explicitly recorded; available repeated-seed values averaged within model,,all_reported_expanded_secondary_contrasts_including_supplementary_scopes,270,270
expanded_secondary,model,all,hist_gradient_boosting,aps_a0.2_singleton_error,aps_a0.2_singleton_error,descriptive,80,80,0,2,2,10,1,1,1,all_required_models,2,10,5000,0.05220228363329924,0.036745904582966775,0.07171867246360877,80,2,,defined,available participants within each dataset; model_availability_policy explicitly recorded; available repeated-seed values averaged within model,,all_reported_expanded_secondary_contrasts_including_supplementary_scopes,270,270
expanded_secondary,model,all,cnn1d,aps_a0.2_singleton_error,aps_a0.2_singleton_error,descriptive,80,79,1,2,2,10,1,0,1,all_required_models,0,10,5000,0.09050610622680473,0.06538552013254965,0.11896572755141477,79,2,,defined,available participants within each dataset; model_availability_policy explicitly recorded; available repeated-seed values averaged within model,,all_reported_expanded_secondary_contrasts_including_supplementary_scopes,270,270
expanded_secondary,model_dataset,uci_har,logistic,aps_a0.2_singleton_error,aps_a0.2_singleton_error,descriptive,30,30,0,1,1,10,1,1,1,all_required_models,10,10,5000,0.03441077557721089,0.013891860383939442,0.0672933447789816,30,1,,defined,available participants within each dataset; model_availability_policy explicitly recorded; available repeated-seed values averaged within model,,all_reported_expanded_secondary_contrasts_including_supplementary_scopes,270,270
expanded_secondary,model_dataset,uci_har,random_forest,aps_a0.2_singleton_error,aps_a0.2_singleton_error,descriptive,30,30,0,1,1,10,1,1,1,all_required_models,10,10,5000,0.08617724875804188,0.05866181185744147,0.11603908166243342,30,1,,defined,available participants within each dataset; model_availability_policy explicitly recorded; available repeated-seed values averaged within model,,all_reported_expanded_secondary_contrasts_including_supplementary_scopes,270,270
expanded_secondary,model_dataset,uci_har,extra_trees,aps_a0.2_singleton_error,aps_a0.2_singleton_error,descriptive,30,30,0,1,1,10,1,1,1,all_required_models,10,10,5000,0.06681237719569702,0.04587892931956473,0.08928870168332863,30,1,,defined,available participants within each dataset; model_availability_policy explicitly recorded; available repeated-seed values averaged within model,,all_reported_expanded_secondary_contrasts_including_supplementary_scopes,270,270
expanded_secondary,model_dataset,uci_har,hist_gradient_boosting,aps_a0.2_singleton_error,aps_a0.2_singleton_error,descriptive,30,30,0,1,1,10,1,1,1,all_required_models,10,10,5000,0.011379320116107473,0.0012546951170782387,0.02717671658008059,30,1,,defined,available participants within each dataset; model_availability_policy explicitly recorded; available repeated-seed values averaged within model,,all_reported_expanded_secondary_contrasts_including_supplementary_scopes,270,270
expanded_secondary,model_dataset,uci_har,cnn1d,aps_a0.2_singleton_error,aps_a0.2_singleton_error,descriptive,30,30,0,1,1,10,1,1,1,all_required_models,9,10,5000,0.019437152600965728,0.006106163086297648,0.03677158744641328,30,1,,defined,available participants within each dataset; model_availability_policy explicitly recorded; available repeated-seed values averaged within model,,all_reported_expanded_secondary_contrasts_including_supplementary_scopes,270,270
expanded_secondary,model_dataset,wisdm_watch_accel,logistic,aps_a0.2_singleton_error,aps_a0.2_singleton_error,descriptive,50,50,0,1,1,10,1,1,1,all_required_models,9,10,5000,0.19202277987464975,0.14070949888993334,0.25126150969434907,50,1,,defined,available participants within each dataset; model_availability_policy explicitly recorded; available repeated-seed values averaged within model,,all_reported_expanded_secondary_contrasts_including_supplementary_scopes,270,270
expanded_secondary,model_dataset,wisdm_watch_accel,random_forest,aps_a0.2_singleton_error,aps_a0.2_singleton_error,descriptive,50,50,0,1,1,10,1,1,1,all_required_models,1,10,5000,0.0923300472206823,0.06347673600754597,0.13574599703209078,50,1,,defined,available participants within each dataset; model_availability_policy explicitly recorded; available repeated-seed values averaged within model,,all_reported_expanded_secondary_contrasts_including_supplementary_scopes,270,270
expanded_secondary,model_dataset,wisdm_watch_accel,extra_trees,aps_a0.2_singleton_error,aps_a0.2_singleton_error,descriptive,50,50,0,1,1,10,1,1,1,all_required_models,3,10,5000,0.10462217870470651,0.07182118096762027,0.15116696181540268,50,1,,defined,available participants within each dataset; model_availability_policy explicitly recorded; available repeated-seed values averaged within model,,all_reported_expanded_secondary_contrasts_including_supplementary_scopes,270,270
expanded_secondary,model_dataset,wisdm_watch_accel,hist_gradient_boosting,aps_a0.2_singleton_error,aps_a0.2_singleton_error,descriptive,50,50,0,1,1,10,1,1,1,all_required_models,2,10,5000,0.09302524715049101,0.06570854628978809,0.13120686363457723,50,1,,defined,available participants within each dataset; model_availability_policy explicitly recorded; available repeated-seed values averaged within model,,all_reported_expanded_secondary_contrasts_including_supplementary_scopes,270,270
expanded_secondary,model_dataset,wisdm_watch_accel,cnn1d,aps_a0.2_singleton_error,aps_a0.2_singleton_error,descriptive,50,49,1,1,1,10,1,0,1,all_required_models,0,10,5000,0.16157505985264373,0.11236550431851486,0.21564777034530327,49,1,,defined,available participants within each dataset; model_availability_policy explicitly recorded; available repeated-seed values averaged within model,,all_reported_expanded_secondary_contrasts_including_supplementary_scopes,270,270
expanded_secondary,model,all,logistic,calibration_iso_brier,calibration_iso_brier,contrast,80,80,0,2,2,10,1,1,1,all_required_models,10,10,5000,0.005859423159098538,-0.0035209840137148266,0.014837080345412552,80,2,0.22415516896620677,defined,available participants within each dataset; model_availability_policy explicitly recorded; available repeated-seed values averaged within model,1.0,all_reported_expanded_secondary_contrasts_including_supplementary_scopes,270,270
expanded_secondary,model,all,random_forest,calibration_iso_brier,calibration_iso_brier,contrast,80,80,0,2,2,10,1,1,1,all_required_models,10,10,5000,-0.008438056922175205,-0.014826942994999466,-0.0016545313882446113,80,2,0.016396720655868825,defined,available participants within each dataset; model_availability_policy explicitly recorded; available repeated-seed values averaged within model,1.0,all_reported_expanded_secondary_contrasts_including_supplementary_scopes,270,270
expanded_secondary,model,all,extra_trees,calibration_iso_brier,calibration_iso_brier,contrast,80,80,0,2,2,10,1,1,1,all_required_models,10,10,5000,-0.0213213224466317,-0.028400675377758373,-0.013680413534573362,80,2,0.0001999600079984003,defined,available participants within each dataset; model_availability_policy explicitly recorded; available repeated-seed values averaged within model,0.05398920215956808,all_reported_expanded_secondary_contrasts_including_supplementary_scopes,270,270
expanded_secondary,model,all,hist_gradient_boosting,calibration_iso_brier,calibration_iso_brier,contrast,80,80,0,2,2,10,1,1,1,all_required_models,10,10,5000,-0.02838918010488182,-0.04060577386426095,-0.017827455616682742,80,2,0.0001999600079984003,defined,available participants within each dataset; model_availability_policy explicitly recorded; available repeated-seed values averaged within model,0.05398920215956808,all_reported_expanded_secondary_contrasts_including_supplementary_scopes,270,270
expanded_secondary,model,all,cnn1d,calibration_iso_brier,calibration_iso_brier,contrast,80,80,0,2,2,10,1,1,1,all_required_models,10,10,5000,0.0009600443832269261,-0.006511991434474428,0.008519165175666412,80,2,0.8134373125374925,defined,available participants within each dataset; model_availability_policy explicitly recorded; available repeated-seed values averaged within model,1.0,all_reported_expanded_secondary_contrasts_including_supplementary_scopes,270,270
expanded_secondary,model_dataset,uci_har,logistic,calibration_iso_brier,calibration_iso_brier,contrast,30,30,0,1,1,10,1,1,1,all_required_models,10,10,5000,0.007955281959174226,-0.00017665890961656236,0.016101551797627046,30,1,0.06898620275944811,defined,available participants within each dataset; model_availability_policy explicitly recorded; available repeated-seed values averaged within model,1.0,all_reported_expanded_secondary_contrasts_including_supplementary_scopes,270,270
expanded_secondary,model_dataset,uci_har,random_forest,calibration_iso_brier,calibration_iso_brier,contrast,30,30,0,1,1,10,1,1,1,all_required_models,10,10,5000,-0.011704731152249606,-0.02340787461302101,0.0007551363352430791,30,1,0.07758448310337933,defined,available participants within each dataset; model_availability_policy explicitly recorded; available repeated-seed values averaged within model,1.0,all_reported_expanded_secondary_contrasts_including_supplementary_scopes,270,270
expanded_secondary,model_dataset,uci_har,extra_trees,calibration_iso_brier,calibration_iso_brier,contrast,30,30,0,1,1,10,1,1,1,all_required_models,10,10,5000,-0.03685989815883906,-0.050644261143382545,-0.02214554675697153,30,1,0.0001999600079984003,defined,available participants within each dataset; model_availability_policy explicitly recorded; available repeated-seed values averaged within model,0.05398920215956808,all_reported_expanded_secondary_contrasts_including_supplementary_scopes,270,270
expanded_secondary,model_dataset,uci_har,hist_gradient_boosting,calibration_iso_brier,calibration_iso_brier,contrast,30,30,0,1,1,10,1,1,1,all_required_models,10,10,5000,-0.005257702997891362,-0.015839240686349232,0.00467251737863614,30,1,0.3213357328534293,defined,available participants within each dataset; model_availability_policy explicitly recorded; available repeated-seed values averaged within model,1.0,all_reported_expanded_secondary_contrasts_including_supplementary_scopes,270,270
expanded_secondary,model_dataset,uci_har,cnn1d,calibration_iso_brier,calibration_iso_brier,contrast,30,30,0,1,1,10,1,1,1,all_required_models,10,10,5000,0.011352477248565227,7.386441585431955e-05,0.02351610913927427,30,1,0.0691861627674465,defined,available participants within each dataset; model_availability_policy explicitly recorded; available repeated-seed values averaged within model,1.0,all_reported_expanded_secondary_contrasts_including_supplementary_scopes,270,270
expanded_secondary,model_dataset,wisdm_watch_accel,logistic,calibration_iso_brier,calibration_iso_brier,contrast,50,50,0,1,1,10,1,1,1,all_required_models,10,10,5000,0.0037635643590228497,-0.01382090733225642,0.019079725375559853,50,1,0.6574685062987402,defined,available participants within each dataset; model_availability_policy explicitly recorded; available repeated-seed values averaged within model,1.0,all_reported_expanded_secondary_contrasts_including_supplementary_scopes,270,270
expanded_secondary,model_dataset,wisdm_watch_accel,random_forest,calibration_iso_brier,calibration_iso_brier,contrast,50,50,0,1,1,10,1,1,1,all_required_models,10,10,5000,-0.005171382692100804,-0.009648992895350313,-0.0008453819063865784,50,1,0.02499500099980004,defined,available participants within each dataset; model_availability_policy explicitly recorded; available repeated-seed values averaged within model,1.0,all_reported_expanded_secondary_contrasts_including_supplementary_scopes,270,270
expanded_secondary,model_dataset,wisdm_watch_accel,extra_trees,calibration_iso_brier,calibration_iso_brier,contrast,50,50,0,1,1,10,1,1,1,all_required_models,10,10,5000,-0.00578274673442434,-0.010287127258291113,-0.0014929637151613756,50,1,0.014997000599880024,defined,available participants within each dataset; model_availability_policy explicitly recorded; available repeated-seed values averaged within model,1.0,all_reported_expanded_secondary_contrasts_including_supplementary_scopes,270,270
expanded_secondary,model_dataset,wisdm_watch_accel,hist_gradient_boosting,calibration_iso_brier,calibration_iso_brier,contrast,50,50,0,1,1,10,1,1,1,all_required_models,10,10,5000,-0.051520657211872274,-0.07417145284415586,-0.03278910675015222,50,1,0.0001999600079984003,defined,available participants within each dataset; model_availability_policy explicitly recorded; available repeated-seed values averaged within model,0.05398920215956808,all_reported_expanded_secondary_contrasts_including_supplementary_scopes,270,270
expanded_secondary,model_dataset,wisdm_watch_accel,cnn1d,calibration_iso_brier,calibration_iso_brier,contrast,50,50,0,1,1,10,1,1,1,all_required_models,10,10,5000,-0.009432388482111375,-0.019525632715267357,-0.0008101252955013888,50,1,0.047190561887622474,defined,available participants within each dataset; model_availability_policy explicitly recorded; available repeated-seed values averaged within model,1.0,all_reported_expanded_secondary_contrasts_including_supplementary_scopes,270,270
expanded_secondary,model,all,logistic,calibration_iso_ece_15,calibration_iso_ece_15,contrast,80,80,0,2,2,10,1,1,1,all_required_models,10,10,5000,0.01393130900147909,0.002818112654529786,0.02430611954876108,80,2,0.015596880623875225,defined,available participants within each dataset; model_availability_policy explicitly recorded; available repeated-seed values averaged within model,1.0,all_reported_expanded_secondary_contrasts_including_supplementary_scopes,270,270
expanded_secondary,model,all,random_forest,calibration_iso_ece_15,calibration_iso_ece_15,contrast,80,80,0,2,2,10,1,1,1,all_required_models,10,10,5000,-0.03517173355832602,-0.045341209673564184,-0.024203124251540288,80,2,0.0001999600079984003,defined,available participants within each dataset; model_availability_policy explicitly recorded; available repeated-seed values averaged within model,0.05398920215956808,all_reported_expanded_secondary_contrasts_including_supplementary_scopes,270,270
expanded_secondary,model,all,extra_trees,calibration_iso_ece_15,calibration_iso_ece_15,contrast,80,80,0,2,2,10,1,1,1,all_required_models,10,10,5000,-0.059363477282287476,-0.07066453641274101,-0.04666222779448948,80,2,0.0001999600079984003,defined,available participants within each dataset; model_availability_policy explicitly recorded; available repeated-seed values averaged within model,0.05398920215956808,all_reported_expanded_secondary_contrasts_including_supplementary_scopes,270,270
expanded_secondary,model,all,hist_gradient_boosting,calibration_iso_ece_15,calibration_iso_ece_15,contrast,80,80,0,2,2,10,1,1,1,all_required_models,10,10,5000,-0.04388016706237831,-0.05529396696744129,-0.03307917507124605,80,2,0.0001999600079984003,defined,available participants within each dataset; model_availability_policy explicitly recorded; available repeated-seed values averaged within model,0.05398920215956808,all_reported_expanded_secondary_contrasts_including_supplementary_scopes,270,270
expanded_secondary,model,all,cnn1d,calibration_iso_ece_15,calibration_iso_ece_15,contrast,80,80,0,2,2,10,1,1,1,all_required_models,10,10,5000,0.005755918646325831,-0.0017418934942302327,0.013154048060233375,80,2,0.14477104579084182,defined,available participants within each dataset; model_availability_policy explicitly recorded; available repeated-seed values averaged within model,1.0,all_reported_expanded_secondary_contrasts_including_supplementary_scopes,270,270
expanded_secondary,model_dataset,uci_har,logistic,calibration_iso_ece_15,calibration_iso_ece_15,contrast,30,30,0,1,1,10,1,1,1,all_required_models,10,10,5000,0.0101565792026267,0.004258637975265377,0.016496452264784408,30,1,0.0009998000399920016,defined,available participants within each dataset; model_availability_policy explicitly recorded; available repeated-seed values averaged within model,0.10897820435912817,all_reported_expanded_secondary_contrasts_including_supplementary_scopes,270,270
expanded_secondary,model_dataset,uci_har,random_forest,calibration_iso_ece_15,calibration_iso_ece_15,contrast,30,30,0,1,1,10,1,1,1,all_required_models,10,10,5000,-0.0519389576736168,-0.06998387218066508,-0.031931785688420526,30,1,0.0001999600079984003,defined,available participants within each dataset; model_availability_policy explicitly recorded; available repeated-seed values averaged within model,0.05398920215956808,all_reported_expanded_secondary_contrasts_including_supplementary_scopes,270,270
expanded_secondary,model_dataset,uci_har,extra_trees,calibration_iso_ece_15,calibration_iso_ece_15,contrast,30,30,0,1,1,10,1,1,1,all_required_models,10,10,5000,-0.09849525360333601,-0.11935494723612487,-0.07530757458102466,30,1,0.0001999600079984003,defined,available participants within each dataset; model_availability_policy explicitly recorded; available repeated-seed values averaged within model,0.05398920215956808,all_reported_expanded_secondary_contrasts_including_supplementary_scopes,270,270
expanded_secondary,model_dataset,uci_har,hist_gradient_boosting,calibration_iso_ece_15,calibration_iso_ece_15,contrast,30,30,0,1,1,10,1,1,1,all_required_models,10,10,5000,-0.004863712754015882,-0.012474991252701661,0.0022807889902828997,30,1,0.20275944811037794,defined,available participants within each dataset; model_availability_policy explicitly recorded; available repeated-seed values averaged within model,1.0,all_reported_expanded_secondary_contrasts_including_supplementary_scopes,270,270
expanded_secondary,model_dataset,uci_har,cnn1d,calibration_iso_ece_15,calibration_iso_ece_15,contrast,30,30,0,1,1,10,1,1,1,all_required_models,10,10,5000,0.009580362382263766,-0.0014987250282194069,0.020764149816641254,30,1,0.10637872425514897,defined,available participants within each dataset; model_availability_policy explicitly recorded; available repeated-seed values averaged within model,1.0,all_reported_expanded_secondary_contrasts_including_supplementary_scopes,270,270
expanded_secondary,model_dataset,wisdm_watch_accel,logistic,calibration_iso_ece_15,calibration_iso_ece_15,contrast,50,50,0,1,1,10,1,1,1,all_required_models,10,10,5000,0.017706038800331482,-0.004400164082462251,0.03791526660931812,50,1,0.10077984403119376,defined,available participants within each dataset; model_availability_policy explicitly recorded; available repeated-seed values averaged within model,1.0,all_reported_expanded_secondary_contrasts_including_supplementary_scopes,270,270
expanded_secondary,model_dataset,wisdm_watch_accel,random_forest,calibration_iso_ece_15,calibration_iso_ece_15,contrast,50,50,0,1,1,10,1,1,1,all_required_models,10,10,5000,-0.018404509443035247,-0.027519640484433828,-0.009286553359450967,50,1,0.0003999200159968006,defined,available participants within each dataset; model_availability_policy explicitly recorded; available repeated-seed values averaged within model,0.05398920215956808,all_reported_expanded_secondary_contrasts_including_supplementary_scopes,270,270
expanded_secondary,model_dataset,wisdm_watch_accel,extra_trees,calibration_iso_ece_15,calibration_iso_ece_15,contrast,50,50,0,1,1,10,1,1,1,all_required_models,10,10,5000,-0.02023170096123894,-0.029270009929283847,-0.011357328661785777,50,1,0.0003999200159968006,defined,available participants within each dataset; model_availability_policy explicitly recorded; available repeated-seed values averaged within model,0.05398920215956808,all_reported_expanded_secondary_contrasts_including_supplementary_scopes,270,270
expanded_secondary,model_dataset,wisdm_watch_accel,hist_gradient_boosting,calibration_iso_ece_15,calibration_iso_ece_15,contrast,50,50,0,1,1,10,1,1,1,all_required_models,10,10,5000,-0.08289662137074073,-0.10518612122739736,-0.06305297511793126,50,1,0.0001999600079984003,defined,available participants within each dataset; model_availability_policy explicitly recorded; available repeated-seed values averaged within model,0.05398920215956808,all_reported_expanded_secondary_contrasts_including_supplementary_scopes,270,270
expanded_secondary,model_dataset,wisdm_watch_accel,cnn1d,calibration_iso_ece_15,calibration_iso_ece_15,contrast,50,50,0,1,1,10,1,1,1,all_required_models,10,10,5000,0.0019314749103878964,-0.007948280403495829,0.011392824543028068,50,1,0.6988602279544092,defined,available participants within each dataset; model_availability_policy explicitly recorded; available repeated-seed values averaged within model,1.0,all_reported_expanded_secondary_contrasts_including_supplementary_scopes,270,270
expanded_secondary,model,all,logistic,calibration_iso_macro_f1,calibration_iso_macro_f1,contrast,80,80,0,2,2,10,1,1,1,all_required_models,10,10,5000,-0.008480624246543155,-0.013501254394194527,-0.0042172057362107095,80,2,0.0003999200159968006,defined,available participants within each dataset; model_availability_policy explicitly recorded; available repeated-seed values averaged within model,0.05398920215956808,all_reported_expanded_secondary_contrasts_including_supplementary_scopes,270,270
expanded_secondary,model,all,random_forest,calibration_iso_macro_f1,calibration_iso_macro_f1,contrast,80,80,0,2,2,10,1,1,1,all_required_models,10,10,5000,-0.00809268398317178,-0.012793668240680487,-0.0034705141901628404,80,2,0.0011997600479904018,defined,available participants within each dataset; model_availability_policy explicitly recorded; available repeated-seed values averaged within model,0.128374325134973,all_reported_expanded_secondary_contrasts_including_supplementary_scopes,270,270
expanded_secondary,model,all,extra_trees,calibration_iso_macro_f1,calibration_iso_macro_f1,contrast,80,80,0,2,2,10,1,1,1,all_required_models,10,10,5000,-0.004989278190566496,-0.008526458864973727,-0.0015174912075853334,80,2,0.007998400319936013,defined,available participants within each dataset; model_availability_policy explicitly recorded; available repeated-seed values averaged within model,0.7918416316736653,all_reported_expanded_secondary_contrasts_including_supplementary_scopes,270,270
expanded_secondary,model,all,hist_gradient_boosting,calibration_iso_macro_f1,calibration_iso_macro_f1,contrast,80,80,0,2,2,10,1,1,1,all_required_models,10,10,5000,-0.0029467717587555453,-0.006726293452526065,0.0009977041255230684,80,2,0.14717056588682265,defined,available participants within each dataset; model_availability_policy explicitly recorded; available repeated-seed values averaged within model,1.0,all_reported_expanded_secondary_contrasts_including_supplementary_scopes,270,270
expanded_secondary,model,all,cnn1d,calibration_iso_macro_f1,calibration_iso_macro_f1,contrast,80,80,0,2,2,10,1,1,1,all_required_models,10,10,5000,0.003539119569165179,-0.0024669315992226918,0.009217597720145016,80,2,0.25834833033393323,defined,available participants within each dataset; model_availability_policy explicitly recorded; available repeated-seed values averaged within model,1.0,all_reported_expanded_secondary_contrasts_including_supplementary_scopes,270,270
expanded_secondary,model_dataset,uci_har,logistic,calibration_iso_macro_f1,calibration_iso_macro_f1,contrast,30,30,0,1,1,10,1,1,1,all_required_models,10,10,5000,-0.006118073707866725,-0.0154550968607568,0.0016351752222300486,30,1,0.1817636472705459,defined,available participants within each dataset; model_availability_policy explicitly recorded; available repeated-seed values averaged within model,1.0,all_reported_expanded_secondary_contrasts_including_supplementary_scopes,270,270
expanded_secondary,model_dataset,uci_har,random_forest,calibration_iso_macro_f1,calibration_iso_macro_f1,contrast,30,30,0,1,1,10,1,1,1,all_required_models,10,10,5000,-0.006113903719659157,-0.014920436540450057,0.002441585487495345,30,1,0.1801639672065587,defined,available participants within each dataset; model_availability_policy explicitly recorded; available repeated-seed values averaged within model,1.0,all_reported_expanded_secondary_contrasts_including_supplementary_scopes,270,270
expanded_secondary,model_dataset,uci_har,extra_trees,calibration_iso_macro_f1,calibration_iso_macro_f1,contrast,30,30,0,1,1,10,1,1,1,all_required_models,10,10,5000,-0.0004769539750361393,-0.006584853943709487,0.005499436753350044,30,1,0.8770245950809838,defined,available participants within each dataset; model_availability_policy explicitly recorded; available repeated-seed values averaged within model,1.0,all_reported_expanded_secondary_contrasts_including_supplementary_scopes,270,270
expanded_secondary,model_dataset,uci_har,hist_gradient_boosting,calibration_iso_macro_f1,calibration_iso_macro_f1,contrast,30,30,0,1,1,10,1,1,1,all_required_models,10,10,5000,-0.001304265505808974,-0.008258341261157367,0.0057764235077750374,30,1,0.7212557488502299,defined,available participants within each dataset; model_availability_policy explicitly recorded; available repeated-seed values averaged within model,1.0,all_reported_expanded_secondary_contrasts_including_supplementary_scopes,270,270
expanded_secondary,model_dataset,uci_har,cnn1d,calibration_iso_macro_f1,calibration_iso_macro_f1,contrast,30,30,0,1,1,10,1,1,1,all_required_models,10,10,5000,-0.004210695697881706,-0.015268403048955853,0.005981248705404845,30,1,0.4423115376924615,defined,available participants within each dataset; model_availability_policy explicitly recorded; available repeated-seed values averaged within model,1.0,all_reported_expanded_secondary_contrasts_including_supplementary_scopes,270,270
expanded_secondary,model_dataset,wisdm_watch_accel,logistic,calibration_iso_macro_f1,calibration_iso_macro_f1,contrast,50,50,0,1,1,10,1,1,1,all_required_models,10,10,5000,-0.010843174785219584,-0.014123348964852747,-0.007452172719304292,50,1,0.0001999600079984003,defined,available participants within each dataset; model_availability_policy explicitly recorded; available repeated-seed values averaged within model,0.05398920215956808,all_reported_expanded_secondary_contrasts_including_supplementary_scopes,270,270
expanded_secondary,model_dataset,wisdm_watch_accel,random_forest,calibration_iso_macro_f1,calibration_iso_macro_f1,contrast,50,50,0,1,1,10,1,1,1,all_required_models,10,10,5000,-0.0100714642466844,-0.014257767951463362,-0.006137170566551397,50,1,0.0001999600079984003,defined,available participants within each dataset; model_availability_policy explicitly recorded; available repeated-seed values averaged within model,0.05398920215956808,all_reported_expanded_secondary_contrasts_including_supplementary_scopes,270,270
expanded_secondary,model_dataset,wisdm_watch_accel,extra_trees,calibration_iso_macro_f1,calibration_iso_macro_f1,contrast,50,50,0,1,1,10,1,1,1,all_required_models,10,10,5000,-0.009501602406096854,-0.013567598283267809,-0.005576759086541681,50,1,0.0001999600079984003,defined,available participants within each dataset; model_availability_policy explicitly recorded; available repeated-seed values averaged within model,0.05398920215956808,all_reported_expanded_secondary_contrasts_including_supplementary_scopes,270,270
expanded_secondary,model_dataset,wisdm_watch_accel,hist_gradient_boosting,calibration_iso_macro_f1,calibration_iso_macro_f1,contrast,50,50,0,1,1,10,1,1,1,all_required_models,10,10,5000,-0.004589278011702117,-0.007956879219649377,-0.001235215920608767,50,1,0.009998000399920015,defined,available participants within each dataset; model_availability_policy explicitly recorded; available repeated-seed values averaged within model,0.9698060387922415,all_reported_expanded_secondary_contrasts_including_supplementary_scopes,270,270
expanded_secondary,model_dataset,wisdm_watch_accel,cnn1d,calibration_iso_macro_f1,calibration_iso_macro_f1,contrast,50,50,0,1,1,10,1,1,1,all_required_models,10,10,5000,0.011288934836212064,0.006326820431678273,0.016201609809907223,50,1,0.0001999600079984003,defined,available participants within each dataset; model_availability_policy explicitly recorded; available repeated-seed values averaged within model,0.05398920215956808,all_reported_expanded_secondary_contrasts_including_supplementary_scopes,270,270
expanded_secondary,model,all,logistic,calibration_temp_brier,calibration_temp_brier,contrast,80,80,0,2,2,10,1,1,1,all_required_models,10,10,5000,0.02449720359634154,0.007829442063233666,0.039740265079663065,80,2,0.004799040191961607,defined,available participants within each dataset; model_availability_policy explicitly recorded; available repeated-seed values averaged within model,0.48950209958008395,all_reported_expanded_secondary_contrasts_including_supplementary_scopes,270,270
expanded_secondary,model,all,random_forest,calibration_temp_brier,calibration_temp_brier,contrast,80,80,0,2,2,10,1,1,1,all_required_models,10,10,5000,0.027059908735461664,0.014305138802253712,0.04027996114575258,80,2,0.0007998400319936012,defined,available participants within each dataset; model_availability_policy explicitly recorded; available repeated-seed values averaged within model,0.08798240351929613,all_reported_expanded_secondary_contrasts_including_supplementary_scopes,270,270
expanded_secondary,model,all,extra_trees,calibration_temp_brier,calibration_temp_brier,contrast,80,80,0,2,2,10,1,1,1,all_required_models,10,10,5000,0.018377660452345203,0.0037500199758294757,0.03302581645024874,80,2,0.0627874425114977,defined,available participants within each dataset; model_availability_policy explicitly recorded; available repeated-seed values averaged within model,1.0,all_reported_expanded_secondary_contrasts_including_supplementary_scopes,270,270
expanded_secondary,model,all,hist_gradient_boosting,calibration_temp_brier,calibration_temp_brier,contrast,80,80,0,2,2,10,1,1,1,all_required_models,10,10,5000,-0.02938074206461585,-0.04066301009809405,-0.019518130904931996,80,2,0.0001999600079984003,defined,available participants within each dataset; model_availability_policy explicitly recorded; available repeated-seed values averaged within model,0.05398920215956808,all_reported_expanded_secondary_contrasts_including_supplementary_scopes,270,270
expanded_secondary,model,all,cnn1d,calibration_temp_brier,calibration_temp_brier,contrast,80,80,0,2,2,10,1,1,1,all_required_models,10,10,5000,0.014275462260676485,0.002200629059377715,0.0253647786437758,80,2,0.016996600679864027,defined,available participants within each dataset; model_availability_policy explicitly recorded; available repeated-seed values averaged within model,1.0,all_reported_expanded_secondary_contrasts_including_supplementary_scopes,270,270
expanded_secondary,model_dataset,uci_har,logistic,calibration_temp_brier,calibration_temp_brier,contrast,30,30,0,1,1,10,1,1,1,all_required_models,10,10,5000,0.0008285409311184028,-0.0026058177841353234,0.0046121405528710396,30,1,0.6530693861227754,defined,available participants within each dataset; model_availability_policy explicitly recorded; available repeated-seed values averaged within model,1.0,all_reported_expanded_secondary_contrasts_including_supplementary_scopes,270,270
expanded_secondary,model_dataset,uci_har,random_forest,calibration_temp_brier,calibration_temp_brier,contrast,30,30,0,1,1,10,1,1,1,all_required_models,10,10,5000,-0.021054521819947113,-0.02798357981545131,-0.013698322412586667,30,1,0.0001999600079984003,defined,available participants within each dataset; model_availability_policy explicitly recorded; available repeated-seed values averaged within model,0.05398920215956808,all_reported_expanded_secondary_contrasts_including_supplementary_scopes,270,270
expanded_secondary,model_dataset,uci_har,extra_trees,calibration_temp_brier,calibration_temp_brier,contrast,30,30,0,1,1,10,1,1,1,all_required_models,10,10,5000,-0.04218235059252958,-0.05247039654287022,-0.031136860423578633,30,1,0.0001999600079984003,defined,available participants within each dataset; model_availability_policy explicitly recorded; available repeated-seed values averaged within model,0.05398920215956808,all_reported_expanded_secondary_contrasts_including_supplementary_scopes,270,270
expanded_secondary,model_dataset,uci_har,hist_gradient_boosting,calibration_temp_brier,calibration_temp_brier,contrast,30,30,0,1,1,10,1,1,1,all_required_models,10,10,5000,-0.00940905766052353,-0.014545084954580758,-0.00459752617126869,30,1,0.001999600079984003,defined,available participants within each dataset; model_availability_policy explicitly recorded; available repeated-seed values averaged within model,0.21195760847830433,all_reported_expanded_secondary_contrasts_including_supplementary_scopes,270,270
expanded_secondary,model_dataset,uci_har,cnn1d,calibration_temp_brier,calibration_temp_brier,contrast,30,30,0,1,1,10,1,1,1,all_required_models,10,10,5000,0.0034940813499683564,-0.0021500046339329153,0.009340454030278658,30,1,0.2483503299340132,defined,available participants within each dataset; model_availability_policy explicitly recorded; available repeated-seed values averaged within model,1.0,all_reported_expanded_secondary_contrasts_including_supplementary_scopes,270,270
expanded_secondary,model_dataset,wisdm_watch_accel,logistic,calibration_temp_brier,calibration_temp_brier,contrast,50,50,0,1,1,10,1,1,1,all_required_models,10,10,5000,0.04816586626156468,0.01535746282101886,0.07752286085039731,50,1,0.005198960207958408,defined,available participants within each dataset; model_availability_policy explicitly recorded; available repeated-seed values averaged within model,0.5250949810037993,all_reported_expanded_secondary_contrasts_including_supplementary_scopes,270,270
expanded_secondary,model_dataset,wisdm_watch_accel,random_forest,calibration_temp_brier,calibration_temp_brier,contrast,50,50,0,1,1,10,1,1,1,all_required_models,10,10,5000,0.07517433929087045,0.05003932297622578,0.09999470712007143,50,1,0.0001999600079984003,defined,available participants within each dataset; model_availability_policy explicitly recorded; available repeated-seed values averaged within model,0.05398920215956808,all_reported_expanded_secondary_contrasts_including_supplementary_scopes,270,270
expanded_secondary,model_dataset,wisdm_watch_accel,extra_trees,calibration_temp_brier,calibration_temp_brier,contrast,50,50,0,1,1,10,1,1,1,all_required_models,10,10,5000,0.07893767149721999,0.051473589248363545,0.10639479355398199,50,1,0.0001999600079984003,defined,available participants within each dataset; model_availability_policy explicitly recorded; available repeated-seed values averaged within model,0.05398920215956808,all_reported_expanded_secondary_contrasts_including_supplementary_scopes,270,270
expanded_secondary,model_dataset,wisdm_watch_accel,hist_gradient_boosting,calibration_temp_brier,calibration_temp_brier,contrast,50,50,0,1,1,10,1,1,1,all_required_models,10,10,5000,-0.04935242646870817,-0.0724465200857874,-0.030535736978457028,50,1,0.0001999600079984003,defined,available participants within each dataset; model_availability_policy explicitly recorded; available repeated-seed values averaged within model,0.05398920215956808,all_reported_expanded_secondary_contrasts_including_supplementary_scopes,270,270
expanded_secondary,model_dataset,wisdm_watch_accel,cnn1d,calibration_temp_brier,calibration_temp_brier,contrast,50,50,0,1,1,10,1,1,1,all_required_models,10,10,5000,0.025056843171384614,0.0009896274014159648,0.0459157806322459,50,1,0.030193961207758448,defined,available participants within each dataset; model_availability_policy explicitly recorded; available repeated-seed values averaged within model,1.0,all_reported_expanded_secondary_contrasts_including_supplementary_scopes,270,270
expanded_secondary,model,all,logistic,calibration_temp_ece_15,calibration_temp_ece_15,contrast,80,80,0,2,2,10,1,1,1,all_required_models,10,10,5000,0.050441457880416145,0.02753363206510216,0.07228647992977272,80,2,0.0001999600079984003,defined,available participants within each dataset; model_availability_policy explicitly recorded; available repeated-seed values averaged within model,0.05398920215956808,all_reported_expanded_secondary_contrasts_including_supplementary_scopes,270,270
expanded_secondary,model,all,random_forest,calibration_temp_ece_15,calibration_temp_ece_15,contrast,80,80,0,2,2,10,1,1,1,all_required_models,10,10,5000,0.013029014929614672,-0.0036959208307202644,0.029970927227792488,80,2,0.28314337132573486,defined,available participants within each dataset; model_availability_policy explicitly recorded; available repeated-seed values averaged within model,1.0,all_reported_expanded_secondary_contrasts_including_supplementary_scopes,270,270
expanded_secondary,model,all,extra_trees,calibration_temp_ece_15,calibration_temp_ece_15,contrast,80,80,0,2,2,10,1,1,1,all_required_models,10,10,5000,-0.008474628572771557,-0.027110056529158252,0.010861268419302727,80,2,0.5688862227554489,defined,available participants within each dataset; model_availability_policy explicitly recorded; available repeated-seed values averaged within model,1.0,all_reported_expanded_secondary_contrasts_including_supplementary_scopes,270,270
expanded_secondary,model,all,hist_gradient_boosting,calibration_temp_ece_15,calibration_temp_ece_15,contrast,80,80,0,2,2,10,1,1,1,all_required_models,10,10,5000,-0.03188110541781036,-0.04547448941316663,-0.018628671330680944,80,2,0.0001999600079984003,defined,available participants within each dataset; model_availability_policy explicitly recorded; available repeated-seed values averaged within model,0.05398920215956808,all_reported_expanded_secondary_contrasts_including_supplementary_scopes,270,270
expanded_secondary,model,all,cnn1d,calibration_temp_ece_15,calibration_temp_ece_15,contrast,80,80,0,2,2,10,1,1,1,all_required_models,10,10,5000,0.02787126832891586,0.012787687546936117,0.04246946617146545,80,2,0.0001999600079984003,defined,available participants within each dataset; model_availability_policy explicitly recorded; available repeated-seed values averaged within model,0.05398920215956808,all_reported_expanded_secondary_contrasts_including_supplementary_scopes,270,270
expanded_secondary,model_dataset,uci_har,logistic,calibration_temp_ece_15,calibration_temp_ece_15,contrast,30,30,0,1,1,10,1,1,1,all_required_models,10,10,5000,0.010399737575253603,0.001057448644369996,0.021022745574926005,30,1,0.054789042191561686,defined,available participants within each dataset; model_availability_policy explicitly recorded; available repeated-seed values averaged within model,1.0,all_reported_expanded_secondary_contrasts_including_supplementary_scopes,270,270
expanded_secondary,model_dataset,uci_har,random_forest,calibration_temp_ece_15,calibration_temp_ece_15,contrast,30,30,0,1,1,10,1,1,1,all_required_models,10,10,5000,-0.06082753281552849,-0.07417102937254084,-0.04573015510580781,30,1,0.0001999600079984003,defined,available participants within each dataset; model_availability_policy explicitly recorded; available repeated-seed values averaged within model,0.05398920215956808,all_reported_expanded_secondary_contrasts_including_supplementary_scopes,270,270
expanded_secondary,model_dataset,uci_har,extra_trees,calibration_temp_ece_15,calibration_temp_ece_15,contrast,30,30,0,1,1,10,1,1,1,all_required_models,10,10,5000,-0.10424422479247597,-0.12270221774756145,-0.08377636665274767,30,1,0.0001999600079984003,defined,available participants within each dataset; model_availability_policy explicitly recorded; available repeated-seed values averaged within model,0.05398920215956808,all_reported_expanded_secondary_contrasts_including_supplementary_scopes,270,270
expanded_secondary,model_dataset,uci_har,hist_gradient_boosting,calibration_temp_ece_15,calibration_temp_ece_15,contrast,30,30,0,1,1,10,1,1,1,all_required_models,10,10,5000,-0.002428191541823969,-0.010937821403315989,0.006157665128638288,30,1,0.5778844231153769,defined,available participants within each dataset; model_availability_policy explicitly recorded; available repeated-seed values averaged within model,1.0,all_reported_expanded_secondary_contrasts_including_supplementary_scopes,270,270
expanded_secondary,model_dataset,uci_har,cnn1d,calibration_temp_ece_15,calibration_temp_ece_15,contrast,30,30,0,1,1,10,1,1,1,all_required_models,10,10,5000,0.012666328305549894,0.000805512637313407,0.025231085435053858,30,1,0.0637872425514897,defined,available participants within each dataset; model_availability_policy explicitly recorded; available repeated-seed values averaged within model,1.0,all_reported_expanded_secondary_contrasts_including_supplementary_scopes,270,270
expanded_secondary,model_dataset,wisdm_watch_accel,logistic,calibration_temp_ece_15,calibration_temp_ece_15,contrast,50,50,0,1,1,10,1,1,1,all_required_models,10,10,5000,0.09048317818557869,0.045642069963427824,0.13296070730036996,50,1,0.0001999600079984003,defined,available participants within each dataset; model_availability_policy explicitly recorded; available repeated-seed values averaged within model,0.05398920215956808,all_reported_expanded_secondary_contrasts_including_supplementary_scopes,270,270
expanded_secondary,model_dataset,wisdm_watch_accel,random_forest,calibration_temp_ece_15,calibration_temp_ece_15,contrast,50,50,0,1,1,10,1,1,1,all_required_models,10,10,5000,0.08688556267475783,0.05578454034430387,0.11798617558500377,50,1,0.0001999600079984003,defined,available participants within each dataset; model_availability_policy explicitly recorded; available repeated-seed values averaged within model,0.05398920215956808,all_reported_expanded_secondary_contrasts_including_supplementary_scopes,270,270
expanded_secondary,model_dataset,wisdm_watch_accel,extra_trees,calibration_temp_ece_15,calibration_temp_ece_15,contrast,50,50,0,1,1,10,1,1,1,all_required_models,10,10,5000,0.08729496764693286,0.054401869360231093,0.12021082737885881,50,1,0.0001999600079984003,defined,available participants within each dataset; model_availability_policy explicitly recorded; available repeated-seed values averaged within model,0.05398920215956808,all_reported_expanded_secondary_contrasts_including_supplementary_scopes,270,270
expanded_secondary,model_dataset,wisdm_watch_accel,hist_gradient_boosting,calibration_temp_ece_15,calibration_temp_ece_15,contrast,50,50,0,1,1,10,1,1,1,all_required_models,10,10,5000,-0.06133401929379676,-0.08791060887607514,-0.03655174516146183,50,1,0.0001999600079984003,defined,available participants within each dataset; model_availability_policy explicitly recorded; available repeated-seed values averaged within model,0.05398920215956808,all_reported_expanded_secondary_contrasts_including_supplementary_scopes,270,270
expanded_secondary,model_dataset,wisdm_watch_accel,cnn1d,calibration_temp_ece_15,calibration_temp_ece_15,contrast,50,50,0,1,1,10,1,1,1,all_required_models,10,10,5000,0.043076208352281826,0.015347308536548846,0.06924211153487349,50,1,0.003599280143971206,defined,available participants within each dataset; model_availability_policy explicitly recorded; available repeated-seed values averaged within model,0.3707258548290342,all_reported_expanded_secondary_contrasts_including_supplementary_scopes,270,270
expanded_secondary,model,all,logistic,calibration_temp_macro_f1,calibration_temp_macro_f1,contrast,80,80,0,2,2,10,1,1,1,all_required_models,10,10,5000,0.0,0.0,0.0,80,2,1.0,defined,available participants within each dataset; model_availability_policy explicitly recorded; available repeated-seed values averaged within model,1.0,all_reported_expanded_secondary_contrasts_including_supplementary_scopes,270,270
expanded_secondary,model,all,random_forest,calibration_temp_macro_f1,calibration_temp_macro_f1,contrast,80,80,0,2,2,10,1,1,1,all_required_models,10,10,5000,0.0,0.0,0.0,80,2,1.0,defined,available participants within each dataset; model_availability_policy explicitly recorded; available repeated-seed values averaged within model,1.0,all_reported_expanded_secondary_contrasts_including_supplementary_scopes,270,270
expanded_secondary,model,all,extra_trees,calibration_temp_macro_f1,calibration_temp_macro_f1,contrast,80,80,0,2,2,10,1,1,1,all_required_models,10,10,5000,0.0,0.0,0.0,80,2,1.0,defined,available participants within each dataset; model_availability_policy explicitly recorded; available repeated-seed values averaged within model,1.0,all_reported_expanded_secondary_contrasts_including_supplementary_scopes,270,270
expanded_secondary,model,all,hist_gradient_boosting,calibration_temp_macro_f1,calibration_temp_macro_f1,contrast,80,80,0,2,2,10,1,1,1,all_required_models,10,10,5000,0.0,0.0,0.0,80,2,1.0,defined,available participants within each dataset; model_availability_policy explicitly recorded; available repeated-seed values averaged within model,1.0,all_reported_expanded_secondary_contrasts_including_supplementary_scopes,270,270
expanded_secondary,model,all,cnn1d,calibration_temp_macro_f1,calibration_temp_macro_f1,contrast,80,80,0,2,2,10,1,1,1,all_required_models,10,10,5000,0.0,0.0,0.0,80,2,1.0,defined,available participants within each dataset; model_availability_policy explicitly recorded; available repeated-seed values averaged within model,1.0,all_reported_expanded_secondary_contrasts_including_supplementary_scopes,270,270
expanded_secondary,model_dataset,uci_har,logistic,calibration_temp_macro_f1,calibration_temp_macro_f1,contrast,30,30,0,1,1,10,1,1,1,all_required_models,10,10,5000,0.0,0.0,0.0,30,1,1.0,defined,available participants within each dataset; model_availability_policy explicitly recorded; available repeated-seed values averaged within model,1.0,all_reported_expanded_secondary_contrasts_including_supplementary_scopes,270,270
expanded_secondary,model_dataset,uci_har,random_forest,calibration_temp_macro_f1,calibration_temp_macro_f1,contrast,30,30,0,1,1,10,1,1,1,all_required_models,10,10,5000,0.0,0.0,0.0,30,1,1.0,defined,available participants within each dataset; model_availability_policy explicitly recorded; available repeated-seed values averaged within model,1.0,all_reported_expanded_secondary_contrasts_including_supplementary_scopes,270,270
expanded_secondary,model_dataset,uci_har,extra_trees,calibration_temp_macro_f1,calibration_temp_macro_f1,contrast,30,30,0,1,1,10,1,1,1,all_required_models,10,10,5000,0.0,0.0,0.0,30,1,1.0,defined,available participants within each dataset; model_availability_policy explicitly recorded; available repeated-seed values averaged within model,1.0,all_reported_expanded_secondary_contrasts_including_supplementary_scopes,270,270
expanded_secondary,model_dataset,uci_har,hist_gradient_boosting,calibration_temp_macro_f1,calibration_temp_macro_f1,contrast,30,30,0,1,1,10,1,1,1,all_required_models,10,10,5000,0.0,0.0,0.0,30,1,1.0,defined,available participants within each dataset; model_availability_policy explicitly recorded; available repeated-seed values averaged within model,1.0,all_reported_expanded_secondary_contrasts_including_supplementary_scopes,270,270
expanded_secondary,model_dataset,uci_har,cnn1d,calibration_temp_macro_f1,calibration_temp_macro_f1,contrast,30,30,0,1,1,10,1,1,1,all_required_models,10,10,5000,0.0,0.0,0.0,30,1,1.0,defined,available participants within each dataset; model_availability_policy explicitly recorded; available repeated-seed values averaged within model,1.0,all_reported_expanded_secondary_contrasts_including_supplementary_scopes,270,270
expanded_secondary,model_dataset,wisdm_watch_accel,logistic,calibration_temp_macro_f1,calibration_temp_macro_f1,contrast,50,50,0,1,1,10,1,1,1,all_required_models,10,10,5000,0.0,0.0,0.0,50,1,1.0,defined,available participants within each dataset; model_availability_policy explicitly recorded; available repeated-seed values averaged within model,1.0,all_reported_expanded_secondary_contrasts_including_supplementary_scopes,270,270
expanded_secondary,model_dataset,wisdm_watch_accel,random_forest,calibration_temp_macro_f1,calibration_temp_macro_f1,contrast,50,50,0,1,1,10,1,1,1,all_required_models,10,10,5000,0.0,0.0,0.0,50,1,1.0,defined,available participants within each dataset; model_availability_policy explicitly recorded; available repeated-seed values averaged within model,1.0,all_reported_expanded_secondary_contrasts_including_supplementary_scopes,270,270
expanded_secondary,model_dataset,wisdm_watch_accel,extra_trees,calibration_temp_macro_f1,calibration_temp_macro_f1,contrast,50,50,0,1,1,10,1,1,1,all_required_models,10,10,5000,0.0,0.0,0.0,50,1,1.0,defined,available participants within each dataset; model_availability_policy explicitly recorded; available repeated-seed values averaged within model,1.0,all_reported_expanded_secondary_contrasts_including_supplementary_scopes,270,270
expanded_secondary,model_dataset,wisdm_watch_accel,hist_gradient_boosting,calibration_temp_macro_f1,calibration_temp_macro_f1,contrast,50,50,0,1,1,10,1,1,1,all_required_models,10,10,5000,0.0,0.0,0.0,50,1,1.0,defined,available participants within each dataset; model_availability_policy explicitly recorded; available repeated-seed values averaged within model,1.0,all_reported_expanded_secondary_contrasts_including_supplementary_scopes,270,270
expanded_secondary,model_dataset,wisdm_watch_accel,cnn1d,calibration_temp_macro_f1,calibration_temp_macro_f1,contrast,50,50,0,1,1,10,1,1,1,all_required_models,10,10,5000,0.0,0.0,0.0,50,1,1.0,defined,available participants within each dataset; model_availability_policy explicitly recorded; available repeated-seed values averaged within model,1.0,all_reported_expanded_secondary_contrasts_including_supplementary_scopes,270,270
temporal_overlap_supplement,model,all,cnn1d,leakage_reduced_protocol_brier,leakage_reduced_protocol_brier,contrast,30,30,0,1,1,1,1,1,1,all_required_models,1,1,5000,0.056265365000050666,0.028810475380338173,0.09237638818905525,30,1,0.0001999600079984003,defined,available participants within each dataset; model_availability_policy explicitly recorded; available repeated-seed values averaged within model,0.009598080383923215,all_temporal_overlap_supplement_contrasts,48,48
temporal_overlap_supplement,model,all,extra_trees,leakage_reduced_protocol_brier,leakage_reduced_protocol_brier,contrast,30,30,0,1,1,1,1,1,1,all_required_models,1,1,5000,0.02962056062326118,0.02344023171730819,0.036555079256695086,30,1,0.0001999600079984003,defined,available participants within each dataset; model_availability_policy explicitly recorded; available repeated-seed values averaged within model,0.009598080383923215,all_temporal_overlap_supplement_contrasts,48,48
temporal_overlap_supplement,model,all,hist_gradient_boosting,leakage_reduced_protocol_brier,leakage_reduced_protocol_brier,contrast,30,30,0,1,1,1,1,1,1,all_required_models,1,1,5000,0.04644530784063423,0.02613158823427241,0.07019878136008886,30,1,0.0001999600079984003,defined,available participants within each dataset; model_availability_policy explicitly recorded; available repeated-seed values averaged within model,0.009598080383923215,all_temporal_overlap_supplement_contrasts,48,48
temporal_overlap_supplement,model,all,logistic,leakage_reduced_protocol_brier,leakage_reduced_protocol_brier,contrast,30,30,0,1,1,1,1,1,1,all_required_models,1,1,5000,0.0231110494699417,0.013241629353810116,0.03485344856916129,30,1,0.0001999600079984003,defined,available participants within each dataset; model_availability_policy explicitly recorded; available repeated-seed values averaged within model,0.009598080383923215,all_temporal_overlap_supplement_contrasts,48,48
temporal_overlap_supplement,model,all,random_forest,leakage_reduced_protocol_brier,leakage_reduced_protocol_brier,contrast,30,30,0,1,1,1,1,1,1,all_required_models,1,1,5000,0.029961536486211682,0.022543075131510375,0.03845153861726449,30,1,0.0001999600079984003,defined,available participants within each dataset; model_availability_policy explicitly recorded; available repeated-seed values averaged within model,0.009598080383923215,all_temporal_overlap_supplement_contrasts,48,48
temporal_overlap_supplement,model_dataset,uci_har,cnn1d,leakage_reduced_protocol_brier,leakage_reduced_protocol_brier,contrast,30,30,0,1,1,1,1,1,1,all_required_models,1,1,5000,0.056265365000050666,0.028810475380338173,0.09237638818905525,30,1,0.0001999600079984003,defined,available participants within each dataset; model_availability_policy explicitly recorded; available repeated-seed values averaged within model,0.009598080383923215,all_temporal_overlap_supplement_contrasts,48,48
temporal_overlap_supplement,model_dataset,uci_har,extra_trees,leakage_reduced_protocol_brier,leakage_reduced_protocol_brier,contrast,30,30,0,1,1,1,1,1,1,all_required_models,1,1,5000,0.02962056062326118,0.02344023171730819,0.036555079256695086,30,1,0.0001999600079984003,defined,available participants within each dataset; model_availability_policy explicitly recorded; available repeated-seed values averaged within model,0.009598080383923215,all_temporal_overlap_supplement_contrasts,48,48
temporal_overlap_supplement,model_dataset,uci_har,hist_gradient_boosting,leakage_reduced_protocol_brier,leakage_reduced_protocol_brier,contrast,30,30,0,1,1,1,1,1,1,all_required_models,1,1,5000,0.04644530784063423,0.02613158823427241,0.07019878136008886,30,1,0.0001999600079984003,defined,available participants within each dataset; model_availability_policy explicitly recorded; available repeated-seed values averaged within model,0.009598080383923215,all_temporal_overlap_supplement_contrasts,48,48
temporal_overlap_supplement,model_dataset,uci_har,logistic,leakage_reduced_protocol_brier,leakage_reduced_protocol_brier,contrast,30,30,0,1,1,1,1,1,1,all_required_models,1,1,5000,0.0231110494699417,0.013241629353810116,0.03485344856916129,30,1,0.0001999600079984003,defined,available participants within each dataset; model_availability_policy explicitly recorded; available repeated-seed values averaged within model,0.009598080383923215,all_temporal_overlap_supplement_contrasts,48,48
temporal_overlap_supplement,model_dataset,uci_har,random_forest,leakage_reduced_protocol_brier,leakage_reduced_protocol_brier,contrast,30,30,0,1,1,1,1,1,1,all_required_models,1,1,5000,0.029961536486211682,0.022543075131510375,0.03845153861726449,30,1,0.0001999600079984003,defined,available participants within each dataset; model_availability_policy explicitly recorded; available repeated-seed values averaged within model,0.009598080383923215,all_temporal_overlap_supplement_contrasts,48,48
temporal_overlap_supplement,model,all,cnn1d,leakage_reduced_protocol_ece_15,leakage_reduced_protocol_ece_15,contrast,30,30,0,1,1,1,1,1,1,all_required_models,1,1,5000,0.03176370568347735,0.019298311154300578,0.04862028319897457,30,1,0.0001999600079984003,defined,available participants within each dataset; model_availability_policy explicitly recorded; available repeated-seed values averaged within model,0.009598080383923215,all_temporal_overlap_supplement_contrasts,48,48
temporal_overlap_supplement,model,all,extra_trees,leakage_reduced_protocol_ece_15,leakage_reduced_protocol_ece_15,contrast,30,30,0,1,1,1,1,1,1,all_required_models,1,1,5000,0.006631178234732821,-0.0005693029352523325,0.01303977800013411,30,1,0.07098580283943211,defined,available participants within each dataset; model_availability_policy explicitly recorded; available repeated-seed values averaged within model,0.28394321135772843,all_temporal_overlap_supplement_contrasts,48,48
temporal_overlap_supplement,model,all,hist_gradient_boosting,leakage_reduced_protocol_ece_15,leakage_reduced_protocol_ece_15,contrast,30,30,0,1,1,1,1,1,1,all_required_models,1,1,5000,0.021929394065909817,0.011674937411374205,0.03402270134797838,30,1,0.0001999600079984003,defined,available participants within each dataset; model_availability_policy explicitly recorded; available repeated-seed values averaged within model,0.009598080383923215,all_temporal_overlap_supplement_contrasts,48,48
temporal_overlap_supplement,model,all,logistic,leakage_reduced_protocol_ece_15,leakage_reduced_protocol_ece_15,contrast,30,30,0,1,1,1,1,1,1,all_required_models,1,1,5000,0.008284752676198338,0.0033148504503255414,0.014144946250656158,30,1,0.0033993201359728054,defined,available participants within each dataset; model_availability_policy explicitly recorded; available repeated-seed values averaged within model,0.020395920815836834,all_temporal_overlap_supplement_contrasts,48,48
temporal_overlap_supplement,model,all,random_forest,leakage_reduced_protocol_ece_15,leakage_reduced_protocol_ece_15,contrast,30,30,0,1,1,1,1,1,1,all_required_models,1,1,5000,0.002431828898847022,-0.0032494597360440197,0.008076471739464778,30,1,0.40411917616476706,defined,available participants within each dataset; model_availability_policy explicitly recorded; available repeated-seed values averaged within model,0.8082383523295341,all_temporal_overlap_supplement_contrasts,48,48
temporal_overlap_supplement,model_dataset,uci_har,cnn1d,leakage_reduced_protocol_ece_15,leakage_reduced_protocol_ece_15,contrast,30,30,0,1,1,1,1,1,1,all_required_models,1,1,5000,0.03176370568347735,0.019298311154300578,0.04862028319897457,30,1,0.0001999600079984003,defined,available participants within each dataset; model_availability_policy explicitly recorded; available repeated-seed values averaged within model,0.009598080383923215,all_temporal_overlap_supplement_contrasts,48,48
temporal_overlap_supplement,model_dataset,uci_har,extra_trees,leakage_reduced_protocol_ece_15,leakage_reduced_protocol_ece_15,contrast,30,30,0,1,1,1,1,1,1,all_required_models,1,1,5000,0.006631178234732821,-0.0005693029352523325,0.01303977800013411,30,1,0.07098580283943211,defined,available participants within each dataset; model_availability_policy explicitly recorded; available repeated-seed values averaged within model,0.28394321135772843,all_temporal_overlap_supplement_contrasts,48,48
temporal_overlap_supplement,model_dataset,uci_har,hist_gradient_boosting,leakage_reduced_protocol_ece_15,leakage_reduced_protocol_ece_15,contrast,30,30,0,1,1,1,1,1,1,all_required_models,1,1,5000,0.021929394065909817,0.011674937411374205,0.03402270134797838,30,1,0.0001999600079984003,defined,available participants within each dataset; model_availability_policy explicitly recorded; available repeated-seed values averaged within model,0.009598080383923215,all_temporal_overlap_supplement_contrasts,48,48
temporal_overlap_supplement,model_dataset,uci_har,logistic,leakage_reduced_protocol_ece_15,leakage_reduced_protocol_ece_15,contrast,30,30,0,1,1,1,1,1,1,all_required_models,1,1,5000,0.008284752676198338,0.0033148504503255414,0.014144946250656158,30,1,0.0033993201359728054,defined,available participants within each dataset; model_availability_policy explicitly recorded; available repeated-seed values averaged within model,0.020395920815836834,all_temporal_overlap_supplement_contrasts,48,48
temporal_overlap_supplement,model_dataset,uci_har,random_forest,leakage_reduced_protocol_ece_15,leakage_reduced_protocol_ece_15,contrast,30,30,0,1,1,1,1,1,1,all_required_models,1,1,5000,0.002431828898847022,-0.0032494597360440197,0.008076471739464778,30,1,0.40411917616476706,defined,available participants within each dataset; model_availability_policy explicitly recorded; available repeated-seed values averaged within model,0.8082383523295341,all_temporal_overlap_supplement_contrasts,48,48
temporal_overlap_supplement,model,all,cnn1d,leakage_reduced_protocol_macro_f1,leakage_reduced_protocol_macro_f1,contrast,30,30,0,1,1,1,1,1,1,all_required_models,1,1,5000,-0.03679645723570948,-0.056452620695763574,-0.01962269863013325,30,1,0.0001999600079984003,defined,available participants within each dataset; model_availability_policy explicitly recorded; available repeated-seed values averaged within model,0.009598080383923215,all_temporal_overlap_supplement_contrasts,48,48
temporal_overlap_supplement,model,all,extra_trees,leakage_reduced_protocol_macro_f1,leakage_reduced_protocol_macro_f1,contrast,30,30,0,1,1,1,1,1,1,all_required_models,1,1,5000,-0.02131158226151578,-0.0302367034826623,-0.013494652609039856,30,1,0.0001999600079984003,defined,available participants within each dataset; model_availability_policy explicitly recorded; available repeated-seed values averaged within model,0.009598080383923215,all_temporal_overlap_supplement_contrasts,48,48
temporal_overlap_supplement,model,all,hist_gradient_boosting,leakage_reduced_protocol_macro_f1,leakage_reduced_protocol_macro_f1,contrast,30,30,0,1,1,1,1,1,1,all_required_models,1,1,5000,-0.025225181790637378,-0.03714566475871028,-0.015051393537451883,30,1,0.0001999600079984003,defined,available participants within each dataset; model_availability_policy explicitly recorded; available repeated-seed values averaged within model,0.009598080383923215,all_temporal_overlap_supplement_contrasts,48,48
temporal_overlap_supplement,model,all,logistic,leakage_reduced_protocol_macro_f1,leakage_reduced_protocol_macro_f1,contrast,30,30,0,1,1,1,1,1,1,all_required_models,1,1,5000,-0.014223381472530898,-0.020946967477422546,-0.008488954721319518,30,1,0.0001999600079984003,defined,available participants within each dataset; model_availability_policy explicitly recorded; available repeated-seed values averaged within model,0.009598080383923215,all_temporal_overlap_supplement_contrasts,48,48
temporal_overlap_supplement,model,all,random_forest,leakage_reduced_protocol_macro_f1,leakage_reduced_protocol_macro_f1,contrast,30,30,0,1,1,1,1,1,1,all_required_models,1,1,5000,-0.023594072868220985,-0.032080983811630596,-0.015909246048938674,30,1,0.0001999600079984003,defined,available participants within each dataset; model_availability_policy explicitly recorded; available repeated-seed values averaged within model,0.009598080383923215,all_temporal_overlap_supplement_contrasts,48,48
temporal_overlap_supplement,model_dataset,uci_har,cnn1d,leakage_reduced_protocol_macro_f1,leakage_reduced_protocol_macro_f1,contrast,30,30,0,1,1,1,1,1,1,all_required_models,1,1,5000,-0.03679645723570948,-0.056452620695763574,-0.01962269863013325,30,1,0.0001999600079984003,defined,available participants within each dataset; model_availability_policy explicitly recorded; available repeated-seed values averaged within model,0.009598080383923215,all_temporal_overlap_supplement_contrasts,48,48
temporal_overlap_supplement,model_dataset,uci_har,extra_trees,leakage_reduced_protocol_macro_f1,leakage_reduced_protocol_macro_f1,contrast,30,30,0,1,1,1,1,1,1,all_required_models,1,1,5000,-0.02131158226151578,-0.0302367034826623,-0.013494652609039856,30,1,0.0001999600079984003,defined,available participants within each dataset; model_availability_policy explicitly recorded; available repeated-seed values averaged within model,0.009598080383923215,all_temporal_overlap_supplement_contrasts,48,48
temporal_overlap_supplement,model_dataset,uci_har,hist_gradient_boosting,leakage_reduced_protocol_macro_f1,leakage_reduced_protocol_macro_f1,contrast,30,30,0,1,1,1,1,1,1,all_required_models,1,1,5000,-0.025225181790637378,-0.03714566475871028,-0.015051393537451883,30,1,0.0001999600079984003,defined,available participants within each dataset; model_availability_policy explicitly recorded; available repeated-seed values averaged within model,0.009598080383923215,all_temporal_overlap_supplement_contrasts,48,48
temporal_overlap_supplement,model_dataset,uci_har,logistic,leakage_reduced_protocol_macro_f1,leakage_reduced_protocol_macro_f1,contrast,30,30,0,1,1,1,1,1,1,all_required_models,1,1,5000,-0.014223381472530898,-0.020946967477422546,-0.008488954721319518,30,1,0.0001999600079984003,defined,available participants within each dataset; model_availability_policy explicitly recorded; available repeated-seed values averaged within model,0.009598080383923215,all_temporal_overlap_supplement_contrasts,48,48
temporal_overlap_supplement,model_dataset,uci_har,random_forest,leakage_reduced_protocol_macro_f1,leakage_reduced_protocol_macro_f1,contrast,30,30,0,1,1,1,1,1,1,all_required_models,1,1,5000,-0.023594072868220985,-0.032080983811630596,-0.015909246048938674,30,1,0.0001999600079984003,defined,available participants within each dataset; model_availability_policy explicitly recorded; available repeated-seed values averaged within model,0.009598080383923215,all_temporal_overlap_supplement_contrasts,48,48
temporal_overlap_supplement,model,all,cnn1d,leakage_reduced_protocol_nll,leakage_reduced_protocol_nll,contrast,30,30,0,1,1,1,1,1,1,all_required_models,1,1,5000,0.12221390199317271,0.04573730721378142,0.23659187249359823,30,1,0.0001999600079984003,defined,available participants within each dataset; model_availability_policy explicitly recorded; available repeated-seed values averaged within model,0.009598080383923215,all_temporal_overlap_supplement_contrasts,48,48
temporal_overlap_supplement,model,all,extra_trees,leakage_reduced_protocol_nll,leakage_reduced_protocol_nll,contrast,30,30,0,1,1,1,1,1,1,all_required_models,1,1,5000,0.04612676119247372,0.03825675056087392,0.05469117123544573,30,1,0.0001999600079984003,defined,available participants within each dataset; model_availability_policy explicitly recorded; available repeated-seed values averaged within model,0.009598080383923215,all_temporal_overlap_supplement_contrasts,48,48
temporal_overlap_supplement,model,all,hist_gradient_boosting,leakage_reduced_protocol_nll,leakage_reduced_protocol_nll,contrast,30,30,0,1,1,1,1,1,1,all_required_models,1,1,5000,0.15080742861826563,0.07411867612185473,0.24614051515979804,30,1,0.0001999600079984003,defined,available participants within each dataset; model_availability_policy explicitly recorded; available repeated-seed values averaged within model,0.009598080383923215,all_temporal_overlap_supplement_contrasts,48,48
temporal_overlap_supplement,model,all,logistic,leakage_reduced_protocol_nll,leakage_reduced_protocol_nll,contrast,30,30,0,1,1,1,1,1,1,all_required_models,1,1,5000,0.053730316231954775,0.024664467747370463,0.08948925885350544,30,1,0.0001999600079984003,defined,available participants within each dataset; model_availability_policy explicitly recorded; available repeated-seed values averaged within model,0.009598080383923215,all_temporal_overlap_supplement_contrasts,48,48
temporal_overlap_supplement,model,all,random_forest,leakage_reduced_protocol_nll,leakage_reduced_protocol_nll,contrast,30,30,0,1,1,1,1,1,1,all_required_models,1,1,5000,0.0452640760704025,0.03592568546293264,0.055940887889155244,30,1,0.0001999600079984003,defined,available participants within each dataset; model_availability_policy explicitly recorded; available repeated-seed values averaged within model,0.009598080383923215,all_temporal_overlap_supplement_contrasts,48,48
temporal_overlap_supplement,model_dataset,uci_har,cnn1d,leakage_reduced_protocol_nll,leakage_reduced_protocol_nll,contrast,30,30,0,1,1,1,1,1,1,all_required_models,1,1,5000,0.12221390199317271,0.04573730721378142,0.23659187249359823,30,1,0.0001999600079984003,defined,available participants within each dataset; model_availability_policy explicitly recorded; available repeated-seed values averaged within model,0.009598080383923215,all_temporal_overlap_supplement_contrasts,48,48
temporal_overlap_supplement,model_dataset,uci_har,extra_trees,leakage_reduced_protocol_nll,leakage_reduced_protocol_nll,contrast,30,30,0,1,1,1,1,1,1,all_required_models,1,1,5000,0.04612676119247372,0.03825675056087392,0.05469117123544573,30,1,0.0001999600079984003,defined,available participants within each dataset; model_availability_policy explicitly recorded; available repeated-seed values averaged within model,0.009598080383923215,all_temporal_overlap_supplement_contrasts,48,48
temporal_overlap_supplement,model_dataset,uci_har,hist_gradient_boosting,leakage_reduced_protocol_nll,leakage_reduced_protocol_nll,contrast,30,30,0,1,1,1,1,1,1,all_required_models,1,1,5000,0.15080742861826563,0.07411867612185473,0.24614051515979804,30,1,0.0001999600079984003,defined,available participants within each dataset; model_availability_policy explicitly recorded; available repeated-seed values averaged within model,0.009598080383923215,all_temporal_overlap_supplement_contrasts,48,48
temporal_overlap_supplement,model_dataset,uci_har,logistic,leakage_reduced_protocol_nll,leakage_reduced_protocol_nll,contrast,30,30,0,1,1,1,1,1,1,all_required_models,1,1,5000,0.053730316231954775,0.024664467747370463,0.08948925885350544,30,1,0.0001999600079984003,defined,available participants within each dataset; model_availability_policy explicitly recorded; available repeated-seed values averaged within model,0.009598080383923215,all_temporal_overlap_supplement_contrasts,48,48
temporal_overlap_supplement,model_dataset,uci_har,random_forest,leakage_reduced_protocol_nll,leakage_reduced_protocol_nll,contrast,30,30,0,1,1,1,1,1,1,all_required_models,1,1,5000,0.0452640760704025,0.03592568546293264,0.055940887889155244,30,1,0.0001999600079984003,defined,available participants within each dataset; model_availability_policy explicitly recorded; available repeated-seed values averaged within model,0.009598080383923215,all_temporal_overlap_supplement_contrasts,48,48
expanded_secondary,model,all,logistic,protocol_brier,protocol_brier,contrast,80,80,0,2,2,10,1,1,1,all_required_models,10,10,5000,0.10783657714726376,0.07805355087260492,0.14365107060953622,80,2,0.0001999600079984003,defined,available participants within each dataset; model_availability_policy explicitly recorded; available repeated-seed values averaged within model,0.05398920215956808,all_reported_expanded_secondary_contrasts_including_supplementary_scopes,270,270
expanded_secondary,model,all,random_forest,protocol_brier,protocol_brier,contrast,80,80,0,2,2,10,1,1,1,all_required_models,10,10,5000,0.13594324408151529,0.10909824793987517,0.1683121962006831,80,2,0.0001999600079984003,defined,available participants within each dataset; model_availability_policy explicitly recorded; available repeated-seed values averaged within model,0.05398920215956808,all_reported_expanded_secondary_contrasts_including_supplementary_scopes,270,270
expanded_secondary,model,all,extra_trees,protocol_brier,protocol_brier,contrast,80,80,0,2,2,10,1,1,1,all_required_models,10,10,5000,0.14376423896401241,0.115348003444096,0.1771013456498934,80,2,0.0001999600079984003,defined,available participants within each dataset; model_availability_policy explicitly recorded; available repeated-seed values averaged within model,0.05398920215956808,all_reported_expanded_secondary_contrasts_including_supplementary_scopes,270,270
expanded_secondary,model,all,hist_gradient_boosting,protocol_brier,protocol_brier,contrast,80,80,0,2,2,10,1,1,1,all_required_models,10,10,5000,0.20068748869529934,0.16082856122292186,0.24708821139437417,80,2,0.0001999600079984003,defined,available participants within each dataset; model_availability_policy explicitly recorded; available repeated-seed values averaged within model,0.05398920215956808,all_reported_expanded_secondary_contrasts_including_supplementary_scopes,270,270
expanded_secondary,model,all,cnn1d,protocol_brier,protocol_brier,contrast,80,80,0,2,2,10,1,1,1,all_required_models,10,10,5000,0.19774057655698182,0.16786793882938492,0.23095542126583243,80,2,0.0001999600079984003,defined,available participants within each dataset; model_availability_policy explicitly recorded; available repeated-seed values averaged within model,0.05398920215956808,all_reported_expanded_secondary_contrasts_including_supplementary_scopes,270,270
expanded_secondary,model_dataset,uci_har,logistic,protocol_brier,protocol_brier,contrast,30,30,0,1,1,10,1,1,1,all_required_models,10,10,5000,0.06343979572726535,0.03233734477851117,0.10838702721603766,30,1,0.0001999600079984003,defined,available participants within each dataset; model_availability_policy explicitly recorded; available repeated-seed values averaged within model,0.05398920215956808,all_reported_expanded_secondary_contrasts_including_supplementary_scopes,270,270
expanded_secondary,model_dataset,uci_har,random_forest,protocol_brier,protocol_brier,contrast,30,30,0,1,1,10,1,1,1,all_required_models,10,10,5000,0.07219657129991312,0.05516945025426236,0.09074681154797085,30,1,0.0001999600079984003,defined,available participants within each dataset; model_availability_policy explicitly recorded; available repeated-seed values averaged within model,0.05398920215956808,all_reported_expanded_secondary_contrasts_including_supplementary_scopes,270,270
expanded_secondary,model_dataset,uci_har,extra_trees,protocol_brier,protocol_brier,contrast,30,30,0,1,1,10,1,1,1,all_required_models,10,10,5000,0.0689137909904451,0.05594416101820062,0.08404594346755245,30,1,0.0001999600079984003,defined,available participants within each dataset; model_availability_policy explicitly recorded; available repeated-seed values averaged within model,0.05398920215956808,all_reported_expanded_secondary_contrasts_including_supplementary_scopes,270,270
expanded_secondary,model_dataset,uci_har,hist_gradient_boosting,protocol_brier,protocol_brier,contrast,30,30,0,1,1,10,1,1,1,all_required_models,10,10,5000,0.09574195808965542,0.06378674698221061,0.1295605360067383,30,1,0.0001999600079984003,defined,available participants within each dataset; model_availability_policy explicitly recorded; available repeated-seed values averaged within model,0.05398920215956808,all_reported_expanded_secondary_contrasts_including_supplementary_scopes,270,270
expanded_secondary,model_dataset,uci_har,cnn1d,protocol_brier,protocol_brier,contrast,30,30,0,1,1,10,1,1,1,all_required_models,10,10,5000,0.08641341595242885,0.04926916599367038,0.12965472366843978,30,1,0.0001999600079984003,defined,available participants within each dataset; model_availability_policy explicitly recorded; available repeated-seed values averaged within model,0.05398920215956808,all_reported_expanded_secondary_contrasts_including_supplementary_scopes,270,270
expanded_secondary,model_dataset,wisdm_watch_accel,logistic,protocol_brier,protocol_brier,contrast,50,50,0,1,1,10,1,1,1,all_required_models,10,10,5000,0.15223335856726217,0.10517079129065199,0.20768509920461112,50,1,0.0001999600079984003,defined,available participants within each dataset; model_availability_policy explicitly recorded; available repeated-seed values averaged within model,0.05398920215956808,all_reported_expanded_secondary_contrasts_including_supplementary_scopes,270,270
expanded_secondary,model_dataset,wisdm_watch_accel,random_forest,protocol_brier,protocol_brier,contrast,50,50,0,1,1,10,1,1,1,all_required_models,10,10,5000,0.19968991686311746,0.1490505884240104,0.2614634807634166,50,1,0.0001999600079984003,defined,available participants within each dataset; model_availability_policy explicitly recorded; available repeated-seed values averaged within model,0.05398920215956808,all_reported_expanded_secondary_contrasts_including_supplementary_scopes,270,270
expanded_secondary,model_dataset,wisdm_watch_accel,extra_trees,protocol_brier,protocol_brier,contrast,50,50,0,1,1,10,1,1,1,all_required_models,10,10,5000,0.21861468693757974,0.1642922198507984,0.2852994741588584,50,1,0.0001999600079984003,defined,available participants within each dataset; model_availability_policy explicitly recorded; available repeated-seed values averaged within model,0.05398920215956808,all_reported_expanded_secondary_contrasts_including_supplementary_scopes,270,270
expanded_secondary,model_dataset,wisdm_watch_accel,hist_gradient_boosting,protocol_brier,protocol_brier,contrast,50,50,0,1,1,10,1,1,1,all_required_models,10,10,5000,0.3056330193009433,0.23313155039334194,0.3922271676669862,50,1,0.0001999600079984003,defined,available participants within each dataset; model_availability_policy explicitly recorded; available repeated-seed values averaged within model,0.05398920215956808,all_reported_expanded_secondary_contrasts_including_supplementary_scopes,270,270
expanded_secondary,model_dataset,wisdm_watch_accel,cnn1d,protocol_brier,protocol_brier,contrast,50,50,0,1,1,10,1,1,1,all_required_models,10,10,5000,0.3090677371615348,0.26497173307412114,0.36063408565957267,50,1,0.0001999600079984003,defined,available participants within each dataset; model_availability_policy explicitly recorded; available repeated-seed values averaged within model,0.05398920215956808,all_reported_expanded_secondary_contrasts_including_supplementary_scopes,270,270
expanded_secondary,model,all,logistic,protocol_ece_15,protocol_ece_15,contrast,80,80,0,2,2,10,1,1,1,all_required_models,10,10,5000,0.04134664385405581,0.023885514705768916,0.061961057488591695,80,2,0.0001999600079984003,defined,available participants within each dataset; model_availability_policy explicitly recorded; available repeated-seed values averaged within model,0.05398920215956808,all_reported_expanded_secondary_contrasts_including_supplementary_scopes,270,270
expanded_secondary,model,all,random_forest,protocol_ece_15,protocol_ece_15,contrast,80,80,0,2,2,10,1,1,1,all_required_models,10,10,5000,0.000572941142917653,-0.00811330802705875,0.00963715544074959,80,2,0.9112177564487103,defined,available participants within each dataset; model_availability_policy explicitly recorded; available repeated-seed values averaged within model,1.0,all_reported_expanded_secondary_contrasts_including_supplementary_scopes,270,270
expanded_secondary,model,all,extra_trees,protocol_ece_15,protocol_ece_15,contrast,80,80,0,2,2,10,1,1,1,all_required_models,10,10,5000,0.009748041462940055,-0.0015712117327356945,0.02169809478216596,80,2,0.1251749650069986,defined,available participants within each dataset; model_availability_policy explicitly recorded; available repeated-seed values averaged within model,1.0,all_reported_expanded_secondary_contrasts_including_supplementary_scopes,270,270
expanded_secondary,model,all,hist_gradient_boosting,protocol_ece_15,protocol_ece_15,contrast,80,80,0,2,2,10,1,1,1,all_required_models,10,10,5000,0.08808272734358581,0.0695661797748153,0.10926552663856481,80,2,0.0001999600079984003,defined,available participants within each dataset; model_availability_policy explicitly recorded; available repeated-seed values averaged within model,0.05398920215956808,all_reported_expanded_secondary_contrasts_including_supplementary_scopes,270,270
expanded_secondary,model,all,cnn1d,protocol_ece_15,protocol_ece_15,contrast,80,80,0,2,2,10,1,1,1,all_required_models,10,10,5000,0.07218273020166667,0.059674859713910816,0.08653059773857286,80,2,0.0001999600079984003,defined,available participants within each dataset; model_availability_policy explicitly recorded; available repeated-seed values averaged within model,0.05398920215956808,all_reported_expanded_secondary_contrasts_including_supplementary_scopes,270,270
expanded_secondary,model_dataset,uci_har,logistic,protocol_ece_15,protocol_ece_15,contrast,30,30,0,1,1,10,1,1,1,all_required_models,10,10,5000,0.027186406580050688,0.011953869470378721,0.04889117983528214,30,1,0.0001999600079984003,defined,available participants within each dataset; model_availability_policy explicitly recorded; available repeated-seed values averaged within model,0.05398920215956808,all_reported_expanded_secondary_contrasts_including_supplementary_scopes,270,270
expanded_secondary,model_dataset,uci_har,random_forest,protocol_ece_15,protocol_ece_15,contrast,30,30,0,1,1,10,1,1,1,all_required_models,10,10,5000,0.01591585674821402,0.00763340908800514,0.02435536162371092,30,1,0.0005998800239952009,defined,available participants within each dataset; model_availability_policy explicitly recorded; available repeated-seed values averaged within model,0.06718656268746251,all_reported_expanded_secondary_contrasts_including_supplementary_scopes,270,270
expanded_secondary,model_dataset,uci_har,extra_trees,protocol_ece_15,protocol_ece_15,contrast,30,30,0,1,1,10,1,1,1,all_required_models,10,10,5000,0.023494442760099755,0.011499845427226358,0.034928646505281186,30,1,0.0001999600079984003,defined,available participants within each dataset; model_availability_policy explicitly recorded; available repeated-seed values averaged within model,0.05398920215956808,all_reported_expanded_secondary_contrasts_including_supplementary_scopes,270,270
expanded_secondary,model_dataset,uci_har,hist_gradient_boosting,protocol_ece_15,protocol_ece_15,contrast,30,30,0,1,1,10,1,1,1,all_required_models,10,10,5000,0.04445429640473748,0.028953741153700183,0.06074876655086763,30,1,0.0001999600079984003,defined,available participants within each dataset; model_availability_policy explicitly recorded; available repeated-seed values averaged within model,0.05398920215956808,all_reported_expanded_secondary_contrasts_including_supplementary_scopes,270,270
expanded_secondary,model_dataset,uci_har,cnn1d,protocol_ece_15,protocol_ece_15,contrast,30,30,0,1,1,10,1,1,1,all_required_models,10,10,5000,0.05180232965746119,0.034258867534448775,0.07192650132339047,30,1,0.0001999600079984003,defined,available participants within each dataset; model_availability_policy explicitly recorded; available repeated-seed values averaged within model,0.05398920215956808,all_reported_expanded_secondary_contrasts_including_supplementary_scopes,270,270
expanded_secondary,model_dataset,wisdm_watch_accel,logistic,protocol_ece_15,protocol_ece_15,contrast,50,50,0,1,1,10,1,1,1,all_required_models,10,10,5000,0.055506881128060924,0.02588139562589645,0.08997666860514483,50,1,0.0003999200159968006,defined,available participants within each dataset; model_availability_policy explicitly recorded; available repeated-seed values averaged within model,0.05398920215956808,all_reported_expanded_secondary_contrasts_including_supplementary_scopes,270,270
expanded_secondary,model_dataset,wisdm_watch_accel,random_forest,protocol_ece_15,protocol_ece_15,contrast,50,50,0,1,1,10,1,1,1,all_required_models,10,10,5000,-0.014769974462378715,-0.02999231780438942,0.00218629884781722,50,1,0.08698260347930414,defined,available participants within each dataset; model_availability_policy explicitly recorded; available repeated-seed values averaged within model,1.0,all_reported_expanded_secondary_contrasts_including_supplementary_scopes,270,270
expanded_secondary,model_dataset,wisdm_watch_accel,extra_trees,protocol_ece_15,protocol_ece_15,contrast,50,50,0,1,1,10,1,1,1,all_required_models,10,10,5000,-0.003998359834219644,-0.02249369290661165,0.01770989767242623,50,1,0.7260547890421916,defined,available participants within each dataset; model_availability_policy explicitly recorded; available repeated-seed values averaged within model,1.0,all_reported_expanded_secondary_contrasts_including_supplementary_scopes,270,270
expanded_secondary,model_dataset,wisdm_watch_accel,hist_gradient_boosting,protocol_ece_15,protocol_ece_15,contrast,50,50,0,1,1,10,1,1,1,all_required_models,10,10,5000,0.13171115828243415,0.09861612329493472,0.17110539294291427,50,1,0.0001999600079984003,defined,available participants within each dataset; model_availability_policy explicitly recorded; available repeated-seed values averaged within model,0.05398920215956808,all_reported_expanded_secondary_contrasts_including_supplementary_scopes,270,270
expanded_secondary,model_dataset,wisdm_watch_accel,cnn1d,protocol_ece_15,protocol_ece_15,contrast,50,50,0,1,1,10,1,1,1,all_required_models,10,10,5000,0.09256313074587215,0.07557808448093331,0.11339391401172688,50,1,0.0001999600079984003,defined,available participants within each dataset; model_availability_policy explicitly recorded; available repeated-seed values averaged within model,0.05398920215956808,all_reported_expanded_secondary_contrasts_including_supplementary_scopes,270,270
expanded_secondary,model,all,logistic,protocol_macro_f1,protocol_macro_f1,contrast,80,80,0,2,2,10,1,1,1,all_required_models,10,10,5000,-0.07771316792988985,-0.10077018961141923,-0.05800426912113806,80,2,0.0001999600079984003,defined,available participants within each dataset; model_availability_policy explicitly recorded; available repeated-seed values averaged within model,0.05398920215956808,all_reported_expanded_secondary_contrasts_including_supplementary_scopes,270,270
expanded_secondary,model,all,random_forest,protocol_macro_f1,protocol_macro_f1,contrast,80,80,0,2,2,10,1,1,1,all_required_models,10,10,5000,-0.12517015503713488,-0.15540334132400377,-0.09920450536175138,80,2,0.0001999600079984003,defined,available participants within each dataset; model_availability_policy explicitly recorded; available repeated-seed values averaged within model,0.05398920215956808,all_reported_expanded_secondary_contrasts_including_supplementary_scopes,270,270
expanded_secondary,model,all,extra_trees,protocol_macro_f1,protocol_macro_f1,contrast,80,80,0,2,2,10,1,1,1,all_required_models,10,10,5000,-0.1250357978166727,-0.15433401484169065,-0.09921040915545819,80,2,0.0001999600079984003,defined,available participants within each dataset; model_availability_policy explicitly recorded; available repeated-seed values averaged within model,0.05398920215956808,all_reported_expanded_secondary_contrasts_including_supplementary_scopes,270,270
expanded_secondary,model,all,hist_gradient_boosting,protocol_macro_f1,protocol_macro_f1,contrast,80,80,0,2,2,10,1,1,1,all_required_models,10,10,5000,-0.1373494669006914,-0.1673287034489323,-0.1113176304917629,80,2,0.0001999600079984003,defined,available participants within each dataset; model_availability_policy explicitly recorded; available repeated-seed values averaged within model,0.05398920215956808,all_reported_expanded_secondary_contrasts_including_supplementary_scopes,270,270
expanded_secondary,model,all,cnn1d,protocol_macro_f1,protocol_macro_f1,contrast,80,80,0,2,2,10,1,1,1,all_required_models,10,10,5000,-0.16969322604721263,-0.19585387677212654,-0.1461779341226649,80,2,0.0001999600079984003,defined,available participants within each dataset; model_availability_policy explicitly recorded; available repeated-seed values averaged within model,0.05398920215956808,all_reported_expanded_secondary_contrasts_including_supplementary_scopes,270,270
expanded_secondary,model_dataset,uci_har,logistic,protocol_macro_f1,protocol_macro_f1,contrast,30,30,0,1,1,10,1,1,1,all_required_models,10,10,5000,-0.04333024492913242,-0.07210384456229392,-0.02230593369450593,30,1,0.0001999600079984003,defined,available participants within each dataset; model_availability_policy explicitly recorded; available repeated-seed values averaged within model,0.05398920215956808,all_reported_expanded_secondary_contrasts_including_supplementary_scopes,270,270
expanded_secondary,model_dataset,uci_har,random_forest,protocol_macro_f1,protocol_macro_f1,contrast,30,30,0,1,1,10,1,1,1,all_required_models,10,10,5000,-0.05923376545848095,-0.08555707136007146,-0.03813265241241762,30,1,0.0001999600079984003,defined,available participants within each dataset; model_availability_policy explicitly recorded; available repeated-seed values averaged within model,0.05398920215956808,all_reported_expanded_secondary_contrasts_including_supplementary_scopes,270,270
expanded_secondary,model_dataset,uci_har,extra_trees,protocol_macro_f1,protocol_macro_f1,contrast,30,30,0,1,1,10,1,1,1,all_required_models,10,10,5000,-0.04905450262765124,-0.06799361778463359,-0.03226558131421533,30,1,0.0001999600079984003,defined,available participants within each dataset; model_availability_policy explicitly recorded; available repeated-seed values averaged within model,0.05398920215956808,all_reported_expanded_secondary_contrasts_including_supplementary_scopes,270,270
expanded_secondary,model_dataset,uci_har,hist_gradient_boosting,protocol_macro_f1,protocol_macro_f1,contrast,30,30,0,1,1,10,1,1,1,all_required_models,10,10,5000,-0.06076764083738143,-0.08307025712801432,-0.03998260656031387,30,1,0.0001999600079984003,defined,available participants within each dataset; model_availability_policy explicitly recorded; available repeated-seed values averaged within model,0.05398920215956808,all_reported_expanded_secondary_contrasts_including_supplementary_scopes,270,270
expanded_secondary,model_dataset,uci_har,cnn1d,protocol_macro_f1,protocol_macro_f1,contrast,30,30,0,1,1,10,1,1,1,all_required_models,10,10,5000,-0.057620150666304416,-0.08777091876805472,-0.03170326717691881,30,1,0.0001999600079984003,defined,available participants within each dataset; model_availability_policy explicitly recorded; available repeated-seed values averaged within model,0.05398920215956808,all_reported_expanded_secondary_contrasts_including_supplementary_scopes,270,270
expanded_secondary,model_dataset,wisdm_watch_accel,logistic,protocol_macro_f1,protocol_macro_f1,contrast,50,50,0,1,1,10,1,1,1,all_required_models,10,10,5000,-0.11209609093064728,-0.1492802120900989,-0.08060850415960713,50,1,0.0001999600079984003,defined,available participants within each dataset; model_availability_policy explicitly recorded; available repeated-seed values averaged within model,0.05398920215956808,all_reported_expanded_secondary_contrasts_including_supplementary_scopes,270,270
expanded_secondary,model_dataset,wisdm_watch_accel,random_forest,protocol_macro_f1,protocol_macro_f1,contrast,50,50,0,1,1,10,1,1,1,all_required_models,10,10,5000,-0.19110654461578883,-0.24619972844932947,-0.14384040419146718,50,1,0.0001999600079984003,defined,available participants within each dataset; model_availability_policy explicitly recorded; available repeated-seed values averaged within model,0.05398920215956808,all_reported_expanded_secondary_contrasts_including_supplementary_scopes,270,270
expanded_secondary,model_dataset,wisdm_watch_accel,extra_trees,protocol_macro_f1,protocol_macro_f1,contrast,50,50,0,1,1,10,1,1,1,all_required_models,10,10,5000,-0.20101709300569415,-0.2573003016601625,-0.15278721176660087,50,1,0.0001999600079984003,defined,available participants within each dataset; model_availability_policy explicitly recorded; available repeated-seed values averaged within model,0.05398920215956808,all_reported_expanded_secondary_contrasts_including_supplementary_scopes,270,270
expanded_secondary,model_dataset,wisdm_watch_accel,hist_gradient_boosting,protocol_macro_f1,protocol_macro_f1,contrast,50,50,0,1,1,10,1,1,1,all_required_models,10,10,5000,-0.21393129296400137,-0.26933796404894045,-0.16704378310706816,50,1,0.0001999600079984003,defined,available participants within each dataset; model_availability_policy explicitly recorded; available repeated-seed values averaged within model,0.05398920215956808,all_reported_expanded_secondary_contrasts_including_supplementary_scopes,270,270
expanded_secondary,model_dataset,wisdm_watch_accel,cnn1d,protocol_macro_f1,protocol_macro_f1,contrast,50,50,0,1,1,10,1,1,1,all_required_models,10,10,5000,-0.2817663014281208,-0.3249191537324715,-0.24413359121516504,50,1,0.0001999600079984003,defined,available participants within each dataset; model_availability_policy explicitly recorded; available repeated-seed values averaged within model,0.05398920215956808,all_reported_expanded_secondary_contrasts_including_supplementary_scopes,270,270
expanded_secondary,model,all,logistic,protocol_nll,protocol_nll,contrast,80,80,0,2,2,10,1,1,1,all_required_models,10,10,5000,0.5335360006214804,0.3277581937033243,0.7877536118949141,80,2,0.0001999600079984003,defined,available participants within each dataset; model_availability_policy explicitly recorded; available repeated-seed values averaged within model,0.05398920215956808,all_reported_expanded_secondary_contrasts_including_supplementary_scopes,270,270
expanded_secondary,model,all,random_forest,protocol_nll,protocol_nll,contrast,80,80,0,2,2,10,1,1,1,all_required_models,10,10,5000,0.45031280415611574,0.2937072072809476,0.6404738215272638,80,2,0.0001999600079984003,defined,available participants within each dataset; model_availability_policy explicitly recorded; available repeated-seed values averaged within model,0.05398920215956808,all_reported_expanded_secondary_contrasts_including_supplementary_scopes,270,270
expanded_secondary,model,all,extra_trees,protocol_nll,protocol_nll,contrast,80,80,0,2,2,10,1,1,1,all_required_models,10,10,5000,0.4893267453164245,0.30643226374892324,0.7125927685514191,80,2,0.0001999600079984003,defined,available participants within each dataset; model_availability_policy explicitly recorded; available repeated-seed values averaged within model,0.05398920215956808,all_reported_expanded_secondary_contrasts_including_supplementary_scopes,270,270
expanded_secondary,model,all,hist_gradient_boosting,protocol_nll,protocol_nll,contrast,80,80,0,2,2,10,1,1,1,all_required_models,10,10,5000,0.6430537029061375,0.4828856639819511,0.8254007229439022,80,2,0.0001999600079984003,defined,available participants within each dataset; model_availability_policy explicitly recorded; available repeated-seed values averaged within model,0.05398920215956808,all_reported_expanded_secondary_contrasts_including_supplementary_scopes,270,270
expanded_secondary,model,all,cnn1d,protocol_nll,protocol_nll,contrast,80,80,0,2,2,10,1,1,1,all_required_models,10,10,5000,0.6133855389881095,0.47169421482394386,0.785598509376972,80,2,0.0001999600079984003,defined,available participants within each dataset; model_availability_policy explicitly recorded; available repeated-seed values averaged within model,0.05398920215956808,all_reported_expanded_secondary_contrasts_including_supplementary_scopes,270,270
expanded_secondary,model_dataset,uci_har,logistic,protocol_nll,protocol_nll,contrast,30,30,0,1,1,10,1,1,1,all_required_models,10,10,5000,0.19121407547020786,0.06995509771293876,0.377677642314495,30,1,0.0001999600079984003,defined,available participants within each dataset; model_availability_policy explicitly recorded; available repeated-seed values averaged within model,0.05398920215956808,all_reported_expanded_secondary_contrasts_including_supplementary_scopes,270,270
expanded_secondary,model_dataset,uci_har,random_forest,protocol_nll,protocol_nll,contrast,30,30,0,1,1,10,1,1,1,all_required_models,10,10,5000,0.11439020835936096,0.09051900993095198,0.14055507792780417,30,1,0.0001999600079984003,defined,available participants within each dataset; model_availability_policy explicitly recorded; available repeated-seed values averaged within model,0.05398920215956808,all_reported_expanded_secondary_contrasts_including_supplementary_scopes,270,270
expanded_secondary,model_dataset,uci_har,extra_trees,protocol_nll,protocol_nll,contrast,30,30,0,1,1,10,1,1,1,all_required_models,10,10,5000,0.11228935888734343,0.09409843049655815,0.13317875341235472,30,1,0.0001999600079984003,defined,available participants within each dataset; model_availability_policy explicitly recorded; available repeated-seed values averaged within model,0.05398920215956808,all_reported_expanded_secondary_contrasts_including_supplementary_scopes,270,270
expanded_secondary,model_dataset,uci_har,hist_gradient_boosting,protocol_nll,protocol_nll,contrast,30,30,0,1,1,10,1,1,1,all_required_models,10,10,5000,0.3284261489376946,0.1938653575860629,0.48303548835584986,30,1,0.0001999600079984003,defined,available participants within each dataset; model_availability_policy explicitly recorded; available repeated-seed values averaged within model,0.05398920215956808,all_reported_expanded_secondary_contrasts_including_supplementary_scopes,270,270
expanded_secondary,model_dataset,uci_har,cnn1d,protocol_nll,protocol_nll,contrast,30,30,0,1,1,10,1,1,1,all_required_models,10,10,5000,0.18862069907529347,0.09166079786273228,0.31148286635428674,30,1,0.0001999600079984003,defined,available participants within each dataset; model_availability_policy explicitly recorded; available repeated-seed values averaged within model,0.05398920215956808,all_reported_expanded_secondary_contrasts_including_supplementary_scopes,270,270
expanded_secondary,model_dataset,wisdm_watch_accel,logistic,protocol_nll,protocol_nll,contrast,50,50,0,1,1,10,1,1,1,all_required_models,10,10,5000,0.8758579257727531,0.49909804253293183,1.3438159060441388,50,1,0.0001999600079984003,defined,available participants within each dataset; model_availability_policy explicitly recorded; available repeated-seed values averaged within model,0.05398920215956808,all_reported_expanded_secondary_contrasts_including_supplementary_scopes,270,270
expanded_secondary,model_dataset,wisdm_watch_accel,random_forest,protocol_nll,protocol_nll,contrast,50,50,0,1,1,10,1,1,1,all_required_models,10,10,5000,0.7862353999528705,0.4633256401660073,1.1731352304372715,50,1,0.0001999600079984003,defined,available participants within each dataset; model_availability_policy explicitly recorded; available repeated-seed values averaged within model,0.05398920215956808,all_reported_expanded_secondary_contrasts_including_supplementary_scopes,270,270
expanded_secondary,model_dataset,wisdm_watch_accel,extra_trees,protocol_nll,protocol_nll,contrast,50,50,0,1,1,10,1,1,1,all_required_models,10,10,5000,0.8663641317455055,0.49382204040088573,1.3231410355783668,50,1,0.0001999600079984003,defined,available participants within each dataset; model_availability_policy explicitly recorded; available repeated-seed values averaged within model,0.05398920215956808,all_reported_expanded_secondary_contrasts_including_supplementary_scopes,270,270
expanded_secondary,model_dataset,wisdm_watch_accel,hist_gradient_boosting,protocol_nll,protocol_nll,contrast,50,50,0,1,1,10,1,1,1,all_required_models,10,10,5000,0.9576812568745804,0.679832220682414,1.2995238000771223,50,1,0.0001999600079984003,defined,available participants within each dataset; model_availability_policy explicitly recorded; available repeated-seed values averaged within model,0.05398920215956808,all_reported_expanded_secondary_contrasts_including_supplementary_scopes,270,270
expanded_secondary,model_dataset,wisdm_watch_accel,cnn1d,protocol_nll,protocol_nll,contrast,50,50,0,1,1,10,1,1,1,all_required_models,10,10,5000,1.0381503789009257,0.7794114273135898,1.3545747785399473,50,1,0.0001999600079984003,defined,available participants within each dataset; model_availability_policy explicitly recorded; available repeated-seed values averaged within model,0.05398920215956808,all_reported_expanded_secondary_contrasts_including_supplementary_scopes,270,270
expanded_secondary,model,all,logistic,selective80_iso,selective80_iso,contrast,80,80,0,2,2,10,1,1,1,all_required_models,10,10,5000,-0.05127181240889875,-0.058492850777452005,-0.04423831590478921,80,2,0.0001999600079984003,defined,available participants within each dataset; model_availability_policy explicitly recorded; available repeated-seed values averaged within model,0.05398920215956808,all_reported_expanded_secondary_contrasts_including_supplementary_scopes,270,270
expanded_secondary,model,all,random_forest,selective80_iso,selective80_iso,contrast,80,80,0,2,2,10,1,1,1,all_required_models,10,10,5000,-0.06153118764057745,-0.07174958601060433,-0.05202187700351635,80,2,0.0001999600079984003,defined,available participants within each dataset; model_availability_policy explicitly recorded; available repeated-seed values averaged within model,0.05398920215956808,all_reported_expanded_secondary_contrasts_including_supplementary_scopes,270,270
expanded_secondary,model,all,extra_trees,selective80_iso,selective80_iso,contrast,80,80,0,2,2,10,1,1,1,all_required_models,10,10,5000,-0.05434756984982888,-0.06303138194948281,-0.046239328599385766,80,2,0.0001999600079984003,defined,available participants within each dataset; model_availability_policy explicitly recorded; available repeated-seed values averaged within model,0.05398920215956808,all_reported_expanded_secondary_contrasts_including_supplementary_scopes,270,270
expanded_secondary,model,all,hist_gradient_boosting,selective80_iso,selective80_iso,contrast,80,80,0,2,2,10,1,1,1,all_required_models,10,10,5000,-0.05165004764381918,-0.059400176457376934,-0.04427939047992536,80,2,0.0001999600079984003,defined,available participants within each dataset; model_availability_policy explicitly recorded; available repeated-seed values averaged within model,0.05398920215956808,all_reported_expanded_secondary_contrasts_including_supplementary_scopes,270,270
expanded_secondary,model,all,cnn1d,selective80_iso,selective80_iso,contrast,80,80,0,2,2,10,1,1,1,all_required_models,10,10,5000,-0.04667909025837096,-0.05443082957242155,-0.039634946017780906,80,2,0.0001999600079984003,defined,available participants within each dataset; model_availability_policy explicitly recorded; available repeated-seed values averaged within model,0.05398920215956808,all_reported_expanded_secondary_contrasts_including_supplementary_scopes,270,270
expanded_secondary,model_dataset,uci_har,logistic,selective80_iso,selective80_iso,contrast,30,30,0,1,1,10,1,1,1,all_required_models,10,10,5000,-0.035181047175775935,-0.04844663550085281,-0.024110061307867296,30,1,0.0001999600079984003,defined,available participants within each dataset; model_availability_policy explicitly recorded; available repeated-seed values averaged within model,0.05398920215956808,all_reported_expanded_secondary_contrasts_including_supplementary_scopes,270,270
expanded_secondary,model_dataset,uci_har,random_forest,selective80_iso,selective80_iso,contrast,30,30,0,1,1,10,1,1,1,all_required_models,10,10,5000,-0.055407072760281166,-0.07295382292431504,-0.039908106392999625,30,1,0.0001999600079984003,defined,available participants within each dataset; model_availability_policy explicitly recorded; available repeated-seed values averaged within model,0.05398920215956808,all_reported_expanded_secondary_contrasts_including_supplementary_scopes,270,270
expanded_secondary,model_dataset,uci_har,extra_trees,selective80_iso,selective80_iso,contrast,30,30,0,1,1,10,1,1,1,all_required_models,10,10,5000,-0.041913145970606705,-0.05466087363641784,-0.03108663227221277,30,1,0.0001999600079984003,defined,available participants within each dataset; model_availability_policy explicitly recorded; available repeated-seed values averaged within model,0.05398920215956808,all_reported_expanded_secondary_contrasts_including_supplementary_scopes,270,270
expanded_secondary,model_dataset,uci_har,hist_gradient_boosting,selective80_iso,selective80_iso,contrast,30,30,0,1,1,10,1,1,1,all_required_models,10,10,5000,-0.040945163849311544,-0.053272898514666184,-0.029487964733360666,30,1,0.0001999600079984003,defined,available participants within each dataset; model_availability_policy explicitly recorded; available repeated-seed values averaged within model,0.05398920215956808,all_reported_expanded_secondary_contrasts_including_supplementary_scopes,270,270
expanded_secondary,model_dataset,uci_har,cnn1d,selective80_iso,selective80_iso,contrast,30,30,0,1,1,10,1,1,1,all_required_models,10,10,5000,-0.042330195186061924,-0.05677235712029263,-0.029330555797031116,30,1,0.0001999600079984003,defined,available participants within each dataset; model_availability_policy explicitly recorded; available repeated-seed values averaged within model,0.05398920215956808,all_reported_expanded_secondary_contrasts_including_supplementary_scopes,270,270
expanded_secondary,model_dataset,wisdm_watch_accel,logistic,selective80_iso,selective80_iso,contrast,50,50,0,1,1,10,1,1,1,all_required_models,10,10,5000,-0.06736257764202155,-0.07540018283260355,-0.05929260791387306,50,1,0.0001999600079984003,defined,available participants within each dataset; model_availability_policy explicitly recorded; available repeated-seed values averaged within model,0.05398920215956808,all_reported_expanded_secondary_contrasts_including_supplementary_scopes,270,270
expanded_secondary,model_dataset,wisdm_watch_accel,random_forest,selective80_iso,selective80_iso,contrast,50,50,0,1,1,10,1,1,1,all_required_models,10,10,5000,-0.06765530252087373,-0.07842675759839018,-0.057164824053390954,50,1,0.0001999600079984003,defined,available participants within each dataset; model_availability_policy explicitly recorded; available repeated-seed values averaged within model,0.05398920215956808,all_reported_expanded_secondary_contrasts_including_supplementary_scopes,270,270
expanded_secondary,model_dataset,wisdm_watch_accel,extra_trees,selective80_iso,selective80_iso,contrast,50,50,0,1,1,10,1,1,1,all_required_models,10,10,5000,-0.06678199372905105,-0.0779663383933747,-0.05573789434712549,50,1,0.0001999600079984003,defined,available participants within each dataset; model_availability_policy explicitly recorded; available repeated-seed values averaged within model,0.05398920215956808,all_reported_expanded_secondary_contrasts_including_supplementary_scopes,270,270
expanded_secondary,model_dataset,wisdm_watch_accel,hist_gradient_boosting,selective80_iso,selective80_iso,contrast,50,50,0,1,1,10,1,1,1,all_required_models,10,10,5000,-0.06235493143832683,-0.07144706078804229,-0.05327368557830429,50,1,0.0001999600079984003,defined,available participants within each dataset; model_availability_policy explicitly recorded; available repeated-seed values averaged within model,0.05398920215956808,all_reported_expanded_secondary_contrasts_including_supplementary_scopes,270,270
expanded_secondary,model_dataset,wisdm_watch_accel,cnn1d,selective80_iso,selective80_iso,contrast,50,50,0,1,1,10,1,1,1,all_required_models,10,10,5000,-0.05102798533068,-0.05717046255632216,-0.044999392652216495,50,1,0.0001999600079984003,defined,available participants within each dataset; model_availability_policy explicitly recorded; available repeated-seed values averaged within model,0.05398920215956808,all_reported_expanded_secondary_contrasts_including_supplementary_scopes,270,270
expanded_secondary,model,all,logistic,selective80_raw,selective80_raw,contrast,80,80,0,2,2,10,1,1,1,all_required_models,10,10,5000,-0.054320256256236404,-0.06046275023517336,-0.048234092876478,80,2,0.0001999600079984003,defined,available participants within each dataset; model_availability_policy explicitly recorded; available repeated-seed values averaged within model,0.05398920215956808,all_reported_expanded_secondary_contrasts_including_supplementary_scopes,270,270
expanded_secondary,model,all,random_forest,selective80_raw,selective80_raw,contrast,80,80,0,2,2,10,1,1,1,all_required_models,10,10,5000,-0.05991984195635477,-0.07041159380978958,-0.05065143793934044,80,2,0.0001999600079984003,defined,available participants within each dataset; model_availability_policy explicitly recorded; available repeated-seed values averaged within model,0.05398920215956808,all_reported_expanded_secondary_contrasts_including_supplementary_scopes,270,270
expanded_secondary,model,all,extra_trees,selective80_raw,selective80_raw,contrast,80,80,0,2,2,10,1,1,1,all_required_models,10,10,5000,-0.05806841124230677,-0.06596234886516217,-0.050223613484309856,80,2,0.0001999600079984003,defined,available participants within each dataset; model_availability_policy explicitly recorded; available repeated-seed values averaged within model,0.05398920215956808,all_reported_expanded_secondary_contrasts_including_supplementary_scopes,270,270
expanded_secondary,model,all,hist_gradient_boosting,selective80_raw,selective80_raw,contrast,80,80,0,2,2,10,1,1,1,all_required_models,10,10,5000,-0.05695827631993485,-0.0654225022633966,-0.04911579026739527,80,2,0.0001999600079984003,defined,available participants within each dataset; model_availability_policy explicitly recorded; available repeated-seed values averaged within model,0.05398920215956808,all_reported_expanded_secondary_contrasts_including_supplementary_scopes,270,270
expanded_secondary,model,all,cnn1d,selective80_raw,selective80_raw,contrast,80,80,0,2,2,10,1,1,1,all_required_models,10,10,5000,-0.0529957475434078,-0.0626572038796832,-0.044419486011719224,80,2,0.0001999600079984003,defined,available participants within each dataset; model_availability_policy explicitly recorded; available repeated-seed values averaged within model,0.05398920215956808,all_reported_expanded_secondary_contrasts_including_supplementary_scopes,270,270
expanded_secondary,model_dataset,uci_har,logistic,selective80_raw,selective80_raw,contrast,30,30,0,1,1,10,1,1,1,all_required_models,10,10,5000,-0.03487558242072767,-0.0437878726724483,-0.02672294662550164,30,1,0.0001999600079984003,defined,available participants within each dataset; model_availability_policy explicitly recorded; available repeated-seed values averaged within model,0.05398920215956808,all_reported_expanded_secondary_contrasts_including_supplementary_scopes,270,270
expanded_secondary,model_dataset,uci_har,random_forest,selective80_raw,selective80_raw,contrast,30,30,0,1,1,10,1,1,1,all_required_models,10,10,5000,-0.04819795763221106,-0.06487073954042288,-0.03407864336953812,30,1,0.0001999600079984003,defined,available participants within each dataset; model_availability_policy explicitly recorded; available repeated-seed values averaged within model,0.05398920215956808,all_reported_expanded_secondary_contrasts_including_supplementary_scopes,270,270
expanded_secondary,model_dataset,uci_har,extra_trees,selective80_raw,selective80_raw,contrast,30,30,0,1,1,10,1,1,1,all_required_models,10,10,5000,-0.04477129042136308,-0.055360814086601554,-0.03462563678812108,30,1,0.0001999600079984003,defined,available participants within each dataset; model_availability_policy explicitly recorded; available repeated-seed values averaged within model,0.05398920215956808,all_reported_expanded_secondary_contrasts_including_supplementary_scopes,270,270
expanded_secondary,model_dataset,uci_har,hist_gradient_boosting,selective80_raw,selective80_raw,contrast,30,30,0,1,1,10,1,1,1,all_required_models,10,10,5000,-0.043976320451136516,-0.05923942831527552,-0.030030925757346,30,1,0.0001999600079984003,defined,available participants within each dataset; model_availability_policy explicitly recorded; available repeated-seed values averaged within model,0.05398920215956808,all_reported_expanded_secondary_contrasts_including_supplementary_scopes,270,270
expanded_secondary,model_dataset,uci_har,cnn1d,selective80_raw,selective80_raw,contrast,30,30,0,1,1,10,1,1,1,all_required_models,10,10,5000,-0.04887791835023857,-0.06638723652158653,-0.032443121563591346,30,1,0.0001999600079984003,defined,available participants within each dataset; model_availability_policy explicitly recorded; available repeated-seed values averaged within model,0.05398920215956808,all_reported_expanded_secondary_contrasts_including_supplementary_scopes,270,270
expanded_secondary,model_dataset,wisdm_watch_accel,logistic,selective80_raw,selective80_raw,contrast,50,50,0,1,1,10,1,1,1,all_required_models,10,10,5000,-0.07376493009174515,-0.08245039127802116,-0.06505700733422694,50,1,0.0001999600079984003,defined,available participants within each dataset; model_availability_policy explicitly recorded; available repeated-seed values averaged within model,0.05398920215956808,all_reported_expanded_secondary_contrasts_including_supplementary_scopes,270,270
expanded_secondary,model_dataset,wisdm_watch_accel,random_forest,selective80_raw,selective80_raw,contrast,50,50,0,1,1,10,1,1,1,all_required_models,10,10,5000,-0.07164172628049847,-0.08357490379777016,-0.06002400305491514,50,1,0.0001999600079984003,defined,available participants within each dataset; model_availability_policy explicitly recorded; available repeated-seed values averaged within model,0.05398920215956808,all_reported_expanded_secondary_contrasts_including_supplementary_scopes,270,270
expanded_secondary,model_dataset,wisdm_watch_accel,extra_trees,selective80_raw,selective80_raw,contrast,50,50,0,1,1,10,1,1,1,all_required_models,10,10,5000,-0.07136553206325046,-0.08332922309085125,-0.05998480998573663,50,1,0.0001999600079984003,defined,available participants within each dataset; model_availability_policy explicitly recorded; available repeated-seed values averaged within model,0.05398920215956808,all_reported_expanded_secondary_contrasts_including_supplementary_scopes,270,270
expanded_secondary,model_dataset,wisdm_watch_accel,hist_gradient_boosting,selective80_raw,selective80_raw,contrast,50,50,0,1,1,10,1,1,1,all_required_models,10,10,5000,-0.06994023218873319,-0.07738473145733614,-0.062384678350845324,50,1,0.0001999600079984003,defined,available participants within each dataset; model_availability_policy explicitly recorded; available repeated-seed values averaged within model,0.05398920215956808,all_reported_expanded_secondary_contrasts_including_supplementary_scopes,270,270
expanded_secondary,model_dataset,wisdm_watch_accel,cnn1d,selective80_raw,selective80_raw,contrast,50,50,0,1,1,10,1,1,1,all_required_models,10,10,5000,-0.05711357673657704,-0.06368452413306418,-0.05085267118046088,50,1,0.0001999600079984003,defined,available participants within each dataset; model_availability_policy explicitly recorded; available repeated-seed values averaged within model,0.05398920215956808,all_reported_expanded_secondary_contrasts_including_supplementary_scopes,270,270
expanded_secondary,model,all,logistic,selective80_temp,selective80_temp,contrast,80,80,0,2,2,10,1,1,1,all_required_models,10,10,5000,-0.05369140579094772,-0.06044828095356361,-0.04704280483974238,80,2,0.0001999600079984003,defined,available participants within each dataset; model_availability_policy explicitly recorded; available repeated-seed values averaged within model,0.05398920215956808,all_reported_expanded_secondary_contrasts_including_supplementary_scopes,270,270
expanded_secondary,model,all,random_forest,selective80_temp,selective80_temp,contrast,80,80,0,2,2,10,1,1,1,all_required_models,10,10,5000,-0.06151941929275811,-0.07225602105210881,-0.05188102878997212,80,2,0.0001999600079984003,defined,available participants within each dataset; model_availability_policy explicitly recorded; available repeated-seed values averaged within model,0.05398920215956808,all_reported_expanded_secondary_contrasts_including_supplementary_scopes,270,270
expanded_secondary,model,all,extra_trees,selective80_temp,selective80_temp,contrast,80,80,0,2,2,10,1,1,1,all_required_models,10,10,5000,-0.058099152966054946,-0.06654465194817556,-0.04995791481968172,80,2,0.0001999600079984003,defined,available participants within each dataset; model_availability_policy explicitly recorded; available repeated-seed values averaged within model,0.05398920215956808,all_reported_expanded_secondary_contrasts_including_supplementary_scopes,270,270
expanded_secondary,model,all,hist_gradient_boosting,selective80_temp,selective80_temp,contrast,80,80,0,2,2,10,1,1,1,all_required_models,10,10,5000,-0.055092659525497016,-0.06378603476394344,-0.04714098375026131,80,2,0.0001999600079984003,defined,available participants within each dataset; model_availability_policy explicitly recorded; available repeated-seed values averaged within model,0.05398920215956808,all_reported_expanded_secondary_contrasts_including_supplementary_scopes,270,270
expanded_secondary,model,all,cnn1d,selective80_temp,selective80_temp,contrast,80,80,0,2,2,10,1,1,1,all_required_models,10,10,5000,-0.051911525749433224,-0.06165574172694083,-0.043248821435959796,80,2,0.0001999600079984003,defined,available participants within each dataset; model_availability_policy explicitly recorded; available repeated-seed values averaged within model,0.05398920215956808,all_reported_expanded_secondary_contrasts_including_supplementary_scopes,270,270
expanded_secondary,model_dataset,uci_har,logistic,selective80_temp,selective80_temp,contrast,30,30,0,1,1,10,1,1,1,all_required_models,10,10,5000,-0.035181153947459486,-0.04453410474110168,-0.026720537217918106,30,1,0.0001999600079984003,defined,available participants within each dataset; model_availability_policy explicitly recorded; available repeated-seed values averaged within model,0.05398920215956808,all_reported_expanded_secondary_contrasts_including_supplementary_scopes,270,270
expanded_secondary,model_dataset,uci_har,random_forest,selective80_temp,selective80_temp,contrast,30,30,0,1,1,10,1,1,1,all_required_models,10,10,5000,-0.0505709421821873,-0.06757687720763303,-0.036051186589432516,30,1,0.0001999600079984003,defined,available participants within each dataset; model_availability_policy explicitly recorded; available repeated-seed values averaged within model,0.05398920215956808,all_reported_expanded_secondary_contrasts_including_supplementary_scopes,270,270
expanded_secondary,model_dataset,uci_har,extra_trees,selective80_temp,selective80_temp,contrast,30,30,0,1,1,10,1,1,1,all_required_models,10,10,5000,-0.04653059733551493,-0.05742730984572742,-0.03589180870397864,30,1,0.0001999600079984003,defined,available participants within each dataset; model_availability_policy explicitly recorded; available repeated-seed values averaged within model,0.05398920215956808,all_reported_expanded_secondary_contrasts_including_supplementary_scopes,270,270
expanded_secondary,model_dataset,uci_har,hist_gradient_boosting,selective80_temp,selective80_temp,contrast,30,30,0,1,1,10,1,1,1,all_required_models,10,10,5000,-0.04231854507147835,-0.057212418661578175,-0.028619707923811875,30,1,0.0001999600079984003,defined,available participants within each dataset; model_availability_policy explicitly recorded; available repeated-seed values averaged within model,0.05398920215956808,all_reported_expanded_secondary_contrasts_including_supplementary_scopes,270,270
expanded_secondary,model_dataset,uci_har,cnn1d,selective80_temp,selective80_temp,contrast,30,30,0,1,1,10,1,1,1,all_required_models,10,10,5000,-0.04911781282296977,-0.06680707282647567,-0.03252888254635344,30,1,0.0001999600079984003,defined,available participants within each dataset; model_availability_policy explicitly recorded; available repeated-seed values averaged within model,0.05398920215956808,all_reported_expanded_secondary_contrasts_including_supplementary_scopes,270,270
expanded_secondary,model_dataset,wisdm_watch_accel,logistic,selective80_temp,selective80_temp,contrast,50,50,0,1,1,10,1,1,1,all_required_models,10,10,5000,-0.07220165763443596,-0.08229275540861285,-0.06230897565354704,50,1,0.0001999600079984003,defined,available participants within each dataset; model_availability_policy explicitly recorded; available repeated-seed values averaged within model,0.05398920215956808,all_reported_expanded_secondary_contrasts_including_supplementary_scopes,270,270
expanded_secondary,model_dataset,wisdm_watch_accel,random_forest,selective80_temp,selective80_temp,contrast,50,50,0,1,1,10,1,1,1,all_required_models,10,10,5000,-0.07246789640332892,-0.08520476631180131,-0.06030805627684433,50,1,0.0001999600079984003,defined,available participants within each dataset; model_availability_policy explicitly recorded; available repeated-seed values averaged within model,0.05398920215956808,all_reported_expanded_secondary_contrasts_including_supplementary_scopes,270,270
expanded_secondary,model_dataset,wisdm_watch_accel,extra_trees,selective80_temp,selective80_temp,contrast,50,50,0,1,1,10,1,1,1,all_required_models,10,10,5000,-0.06966770859659496,-0.08263422618042233,-0.057618577997358304,50,1,0.0001999600079984003,defined,available participants within each dataset; model_availability_policy explicitly recorded; available repeated-seed values averaged within model,0.05398920215956808,all_reported_expanded_secondary_contrasts_including_supplementary_scopes,270,270
expanded_secondary,model_dataset,wisdm_watch_accel,hist_gradient_boosting,selective80_temp,selective80_temp,contrast,50,50,0,1,1,10,1,1,1,all_required_models,10,10,5000,-0.06786677397951568,-0.07664457188416013,-0.058989900682829825,50,1,0.0001999600079984003,defined,available participants within each dataset; model_availability_policy explicitly recorded; available repeated-seed values averaged within model,0.05398920215956808,all_reported_expanded_secondary_contrasts_including_supplementary_scopes,270,270
expanded_secondary,model_dataset,wisdm_watch_accel,cnn1d,selective80_temp,selective80_temp,contrast,50,50,0,1,1,10,1,1,1,all_required_models,10,10,5000,-0.05470523867589667,-0.06199774501327251,-0.04825544804528832,50,1,0.0001999600079984003,defined,available participants within each dataset; model_availability_policy explicitly recorded; available repeated-seed values averaged within model,0.05398920215956808,all_reported_expanded_secondary_contrasts_including_supplementary_scopes,270,270
