effect,dataset,model,seed,estimate,n_subjects_total,n_subjects_available
aps_a0.1_coverage_gap,uci_har,cnn1d,20260911,0.016236381024989057,30,30
aps_a0.1_coverage_gap,uci_har,cnn1d,20260912,-0.005083633812633355,30,30
aps_a0.1_coverage_gap,uci_har,cnn1d,20260913,0.001195501145501232,30,30
aps_a0.1_coverage_gap,uci_har,cnn1d,20260914,-0.005024596555214367,30,30
aps_a0.1_coverage_gap,uci_har,cnn1d,20260915,-0.007720832400521164,30,30
aps_a0.1_coverage_gap,uci_har,cnn1d,20260916,-0.007874318931678673,30,30
aps_a0.1_coverage_gap,uci_har,cnn1d,20260917,0.005413552526487079,30,30
aps_a0.1_coverage_gap,uci_har,cnn1d,20260918,-0.017580151607469015,30,30
aps_a0.1_coverage_gap,uci_har,cnn1d,20260919,0.0027720428330046064,30,30
aps_a0.1_coverage_gap,uci_har,cnn1d,20260920,-0.018738358383798115,30,30
aps_a0.1_coverage_gap,uci_har,extra_trees,20260911,0.004376228331961844,30,30
aps_a0.1_coverage_gap,uci_har,extra_trees,20260912,0.0048647828620828285,30,30
aps_a0.1_coverage_gap,uci_har,extra_trees,20260913,0.003938719602993953,30,30
aps_a0.1_coverage_gap,uci_har,extra_trees,20260914,0.0034770915976848524,30,30
aps_a0.1_coverage_gap,uci_har,extra_trees,20260915,0.007274158467055503,30,30
aps_a0.1_coverage_gap,uci_har,extra_trees,20260916,0.003590976200366158,30,30
aps_a0.1_coverage_gap,uci_har,extra_trees,20260917,-0.005303649902650616,30,30
aps_a0.1_coverage_gap,uci_har,extra_trees,20260918,0.00463924284572933,30,30
aps_a0.1_coverage_gap,uci_har,extra_trees,20260919,-0.0006051850252502766,30,30
aps_a0.1_coverage_gap,uci_har,extra_trees,20260920,0.0010586041343593347,30,30
aps_a0.1_coverage_gap,uci_har,hist_gradient_boosting,20260911,0.004784810950059478,30,30
aps_a0.1_coverage_gap,uci_har,hist_gradient_boosting,20260912,-0.0008211352324461093,30,30
aps_a0.1_coverage_gap,uci_har,hist_gradient_boosting,20260913,-0.0008211352324461093,30,30
aps_a0.1_coverage_gap,uci_har,hist_gradient_boosting,20260914,-0.0008211352324461093,30,30
aps_a0.1_coverage_gap,uci_har,hist_gradient_boosting,20260915,-0.0008211352324461093,30,30
aps_a0.1_coverage_gap,uci_har,hist_gradient_boosting,20260916,-0.0008211352324461093,30,30
aps_a0.1_coverage_gap,uci_har,hist_gradient_boosting,20260917,-0.0008211352324461093,30,30
aps_a0.1_coverage_gap,uci_har,hist_gradient_boosting,20260918,-0.0008211352324461093,30,30
aps_a0.1_coverage_gap,uci_har,hist_gradient_boosting,20260919,0.004784810950059478,30,30
aps_a0.1_coverage_gap,uci_har,hist_gradient_boosting,20260920,-0.0008211352324461093,30,30
aps_a0.1_coverage_gap,uci_har,logistic,20260911,-0.003054460546642701,30,30
aps_a0.1_coverage_gap,uci_har,logistic,20260912,-0.009987604747534119,30,30
aps_a0.1_coverage_gap,uci_har,logistic,20260913,-0.009987604747534119,30,30
aps_a0.1_coverage_gap,uci_har,logistic,20260914,-0.009987604747534119,30,30
aps_a0.1_coverage_gap,uci_har,logistic,20260915,-0.009987604747534119,30,30
aps_a0.1_coverage_gap,uci_har,logistic,20260916,-0.009987604747534119,30,30
aps_a0.1_coverage_gap,uci_har,logistic,20260917,-0.009987604747534119,30,30
aps_a0.1_coverage_gap,uci_har,logistic,20260918,-0.009987604747534119,30,30
aps_a0.1_coverage_gap,uci_har,logistic,20260919,-0.003054460546642701,30,30
aps_a0.1_coverage_gap,uci_har,logistic,20260920,-0.009987604747534119,30,30
aps_a0.1_coverage_gap,uci_har,random_forest,20260911,0.008272525989735924,30,30
aps_a0.1_coverage_gap,uci_har,random_forest,20260912,0.011861535925607559,30,30
aps_a0.1_coverage_gap,uci_har,random_forest,20260913,0.01714690413678186,30,30
aps_a0.1_coverage_gap,uci_har,random_forest,20260914,0.012664874588423114,30,30
aps_a0.1_coverage_gap,uci_har,random_forest,20260915,0.009227909806423818,30,30
aps_a0.1_coverage_gap,uci_har,random_forest,20260916,0.009427128459965739,30,30
aps_a0.1_coverage_gap,uci_har,random_forest,20260917,0.013474684683281639,30,30
aps_a0.1_coverage_gap,uci_har,random_forest,20260918,0.008271540974890705,30,30
aps_a0.1_coverage_gap,uci_har,random_forest,20260919,0.010293253138160522,30,30
aps_a0.1_coverage_gap,uci_har,random_forest,20260920,0.013380911677862085,30,30
aps_a0.1_coverage_gap,wisdm_watch_accel,cnn1d,20260911,-0.0037789096256227507,50,50
aps_a0.1_coverage_gap,wisdm_watch_accel,cnn1d,20260912,0.0014590093952234651,50,50
aps_a0.1_coverage_gap,wisdm_watch_accel,cnn1d,20260913,0.0018976621475793865,50,50
aps_a0.1_coverage_gap,wisdm_watch_accel,cnn1d,20260914,0.011671767711866527,50,50
aps_a0.1_coverage_gap,wisdm_watch_accel,cnn1d,20260915,0.013632579659975962,50,50
aps_a0.1_coverage_gap,wisdm_watch_accel,cnn1d,20260916,-0.00300880078287582,50,50
aps_a0.1_coverage_gap,wisdm_watch_accel,cnn1d,20260917,0.015933193541203226,50,50
aps_a0.1_coverage_gap,wisdm_watch_accel,cnn1d,20260918,-0.0032918318282689806,50,50
aps_a0.1_coverage_gap,wisdm_watch_accel,cnn1d,20260919,-0.005068373541064443,50,50
aps_a0.1_coverage_gap,wisdm_watch_accel,cnn1d,20260920,0.005689966523080911,50,50
aps_a0.1_coverage_gap,wisdm_watch_accel,extra_trees,20260911,0.01932854931931447,50,50
aps_a0.1_coverage_gap,wisdm_watch_accel,extra_trees,20260912,0.017074045294023708,50,50
aps_a0.1_coverage_gap,wisdm_watch_accel,extra_trees,20260913,0.01766276431292296,50,50
aps_a0.1_coverage_gap,wisdm_watch_accel,extra_trees,20260914,0.01613305003436656,50,50
aps_a0.1_coverage_gap,wisdm_watch_accel,extra_trees,20260915,0.010281490280967833,50,50
aps_a0.1_coverage_gap,wisdm_watch_accel,extra_trees,20260916,0.019137220745298236,50,50
aps_a0.1_coverage_gap,wisdm_watch_accel,extra_trees,20260917,0.018297018906647238,50,50
aps_a0.1_coverage_gap,wisdm_watch_accel,extra_trees,20260918,0.01964411336261316,50,50
aps_a0.1_coverage_gap,wisdm_watch_accel,extra_trees,20260919,0.018320744574492197,50,50
aps_a0.1_coverage_gap,wisdm_watch_accel,extra_trees,20260920,0.012886267685137627,50,50
aps_a0.1_coverage_gap,wisdm_watch_accel,hist_gradient_boosting,20260911,-0.007463581164210326,50,50
aps_a0.1_coverage_gap,wisdm_watch_accel,hist_gradient_boosting,20260912,0.0037522557173247082,50,50
aps_a0.1_coverage_gap,wisdm_watch_accel,hist_gradient_boosting,20260913,-0.010535978454052805,50,50
aps_a0.1_coverage_gap,wisdm_watch_accel,hist_gradient_boosting,20260914,-0.009347281529693063,50,50
aps_a0.1_coverage_gap,wisdm_watch_accel,hist_gradient_boosting,20260915,-0.00482815172875215,50,50
aps_a0.1_coverage_gap,wisdm_watch_accel,hist_gradient_boosting,20260916,-0.001290385610238698,50,50
aps_a0.1_coverage_gap,wisdm_watch_accel,hist_gradient_boosting,20260917,-0.002400067532640431,50,50
aps_a0.1_coverage_gap,wisdm_watch_accel,hist_gradient_boosting,20260918,2.858950712232744e-05,50,50
aps_a0.1_coverage_gap,wisdm_watch_accel,hist_gradient_boosting,20260919,-0.010975089023954478,50,50
aps_a0.1_coverage_gap,wisdm_watch_accel,hist_gradient_boosting,20260920,-0.0033340480271263216,50,50
aps_a0.1_coverage_gap,wisdm_watch_accel,logistic,20260911,0.01567881790133689,50,50
aps_a0.1_coverage_gap,wisdm_watch_accel,logistic,20260912,0.015790311271476013,50,50
aps_a0.1_coverage_gap,wisdm_watch_accel,logistic,20260913,0.010121910032313665,50,50
aps_a0.1_coverage_gap,wisdm_watch_accel,logistic,20260914,0.02258523896994272,50,50
aps_a0.1_coverage_gap,wisdm_watch_accel,logistic,20260915,0.011919671164358332,50,50
aps_a0.1_coverage_gap,wisdm_watch_accel,logistic,20260916,0.020974220858667625,50,50
aps_a0.1_coverage_gap,wisdm_watch_accel,logistic,20260917,0.02259482864522327,50,50
aps_a0.1_coverage_gap,wisdm_watch_accel,logistic,20260918,0.008384009687322058,50,50
aps_a0.1_coverage_gap,wisdm_watch_accel,logistic,20260919,0.010842347206294917,50,50
aps_a0.1_coverage_gap,wisdm_watch_accel,logistic,20260920,0.019849900974552782,50,50
aps_a0.1_coverage_gap,wisdm_watch_accel,random_forest,20260911,0.011073492998780852,50,50
aps_a0.1_coverage_gap,wisdm_watch_accel,random_forest,20260912,0.020290211371113233,50,50
aps_a0.1_coverage_gap,wisdm_watch_accel,random_forest,20260913,0.01761748285890914,50,50
aps_a0.1_coverage_gap,wisdm_watch_accel,random_forest,20260914,0.014340949573115385,50,50
aps_a0.1_coverage_gap,wisdm_watch_accel,random_forest,20260915,0.014400031299059894,50,50
aps_a0.1_coverage_gap,wisdm_watch_accel,random_forest,20260916,0.016293122378149866,50,50
aps_a0.1_coverage_gap,wisdm_watch_accel,random_forest,20260917,0.012150008292585092,50,50
aps_a0.1_coverage_gap,wisdm_watch_accel,random_forest,20260918,0.009229207134967974,50,50
aps_a0.1_coverage_gap,wisdm_watch_accel,random_forest,20260919,0.014911978154097998,50,50
aps_a0.1_coverage_gap,wisdm_watch_accel,random_forest,20260920,0.02079927482238914,50,50
aps_a0.1_mean_size,uci_har,cnn1d,20260911,3.3094634793620954,30,30
aps_a0.1_mean_size,uci_har,cnn1d,20260912,3.216379276999623,30,30
aps_a0.1_mean_size,uci_har,cnn1d,20260913,3.3693811371304716,30,30
aps_a0.1_mean_size,uci_har,cnn1d,20260914,3.3408360039395637,30,30
aps_a0.1_mean_size,uci_har,cnn1d,20260915,3.0588242958749476,30,30
aps_a0.1_mean_size,uci_har,cnn1d,20260916,2.9961424232404044,30,30
aps_a0.1_mean_size,uci_har,cnn1d,20260917,3.2313166250391956,30,30
aps_a0.1_mean_size,uci_har,cnn1d,20260918,3.17384220064498,30,30
aps_a0.1_mean_size,uci_har,cnn1d,20260919,3.2751347782927698,30,30
aps_a0.1_mean_size,uci_har,cnn1d,20260920,2.931044234550229,30,30
aps_a0.1_mean_size,uci_har,extra_trees,20260911,1.4342362964219701,30,30
aps_a0.1_mean_size,uci_har,extra_trees,20260912,1.4521841515397425,30,30
aps_a0.1_mean_size,uci_har,extra_trees,20260913,1.4508430294438264,30,30
aps_a0.1_mean_size,uci_har,extra_trees,20260914,1.4484060401720666,30,30
aps_a0.1_mean_size,uci_har,extra_trees,20260915,1.4655481000978667,30,30
aps_a0.1_mean_size,uci_har,extra_trees,20260916,1.4555694580400447,30,30
aps_a0.1_mean_size,uci_har,extra_trees,20260917,1.4290428400284534,30,30
aps_a0.1_mean_size,uci_har,extra_trees,20260918,1.451297554887487,30,30
aps_a0.1_mean_size,uci_har,extra_trees,20260919,1.422267205662086,30,30
aps_a0.1_mean_size,uci_har,extra_trees,20260920,1.4387442173166995,30,30
aps_a0.1_mean_size,uci_har,hist_gradient_boosting,20260911,2.778464931990128,30,30
aps_a0.1_mean_size,uci_har,hist_gradient_boosting,20260912,2.801582631495933,30,30
aps_a0.1_mean_size,uci_har,hist_gradient_boosting,20260913,2.801582631495933,30,30
aps_a0.1_mean_size,uci_har,hist_gradient_boosting,20260914,2.801582631495933,30,30
aps_a0.1_mean_size,uci_har,hist_gradient_boosting,20260915,2.801582631495933,30,30
aps_a0.1_mean_size,uci_har,hist_gradient_boosting,20260916,2.801582631495933,30,30
aps_a0.1_mean_size,uci_har,hist_gradient_boosting,20260917,2.801582631495933,30,30
aps_a0.1_mean_size,uci_har,hist_gradient_boosting,20260918,2.801582631495933,30,30
aps_a0.1_mean_size,uci_har,hist_gradient_boosting,20260919,2.778464931990128,30,30
aps_a0.1_mean_size,uci_har,hist_gradient_boosting,20260920,2.801582631495933,30,30
aps_a0.1_mean_size,uci_har,logistic,20260911,1.678682537783434,30,30
aps_a0.1_mean_size,uci_har,logistic,20260912,1.625017052543283,30,30
aps_a0.1_mean_size,uci_har,logistic,20260913,1.625017052543283,30,30
aps_a0.1_mean_size,uci_har,logistic,20260914,1.625017052543283,30,30
aps_a0.1_mean_size,uci_har,logistic,20260915,1.625017052543283,30,30
aps_a0.1_mean_size,uci_har,logistic,20260916,1.625017052543283,30,30
aps_a0.1_mean_size,uci_har,logistic,20260917,1.625017052543283,30,30
aps_a0.1_mean_size,uci_har,logistic,20260918,1.625017052543283,30,30
aps_a0.1_mean_size,uci_har,logistic,20260919,1.678682537783434,30,30
aps_a0.1_mean_size,uci_har,logistic,20260920,1.625017052543283,30,30
aps_a0.1_mean_size,uci_har,random_forest,20260911,1.5505110899180106,30,30
aps_a0.1_mean_size,uci_har,random_forest,20260912,1.5834995155758869,30,30
aps_a0.1_mean_size,uci_har,random_forest,20260913,1.5852875297356306,30,30
aps_a0.1_mean_size,uci_har,random_forest,20260914,1.5829635601911518,30,30
aps_a0.1_mean_size,uci_har,random_forest,20260915,1.5845849456575374,30,30
aps_a0.1_mean_size,uci_har,random_forest,20260916,1.580012421863444,30,30
aps_a0.1_mean_size,uci_har,random_forest,20260917,1.5819056325189078,30,30
aps_a0.1_mean_size,uci_har,random_forest,20260918,1.5652212651809425,30,30
aps_a0.1_mean_size,uci_har,random_forest,20260919,1.5467339015734114,30,30
aps_a0.1_mean_size,uci_har,random_forest,20260920,1.5846782413427707,30,30
aps_a0.1_mean_size,wisdm_watch_accel,cnn1d,20260911,8.518671883576193,50,50
aps_a0.1_mean_size,wisdm_watch_accel,cnn1d,20260912,8.68778653748682,50,50
aps_a0.1_mean_size,wisdm_watch_accel,cnn1d,20260913,8.75338622716557,50,50
aps_a0.1_mean_size,wisdm_watch_accel,cnn1d,20260914,8.723488576869617,50,50
aps_a0.1_mean_size,wisdm_watch_accel,cnn1d,20260915,9.676276369003537,50,50
aps_a0.1_mean_size,wisdm_watch_accel,cnn1d,20260916,8.768206510095416,50,50
aps_a0.1_mean_size,wisdm_watch_accel,cnn1d,20260917,8.937931112931102,50,50
aps_a0.1_mean_size,wisdm_watch_accel,cnn1d,20260918,9.111296066969029,50,50
aps_a0.1_mean_size,wisdm_watch_accel,cnn1d,20260919,8.517768335087,50,50
aps_a0.1_mean_size,wisdm_watch_accel,cnn1d,20260920,8.623217364944434,50,50
aps_a0.1_mean_size,wisdm_watch_accel,extra_trees,20260911,7.455922571152777,50,50
aps_a0.1_mean_size,wisdm_watch_accel,extra_trees,20260912,6.428754802558772,50,50
aps_a0.1_mean_size,wisdm_watch_accel,extra_trees,20260913,6.459385628235831,50,50
aps_a0.1_mean_size,wisdm_watch_accel,extra_trees,20260914,6.453392644304688,50,50
aps_a0.1_mean_size,wisdm_watch_accel,extra_trees,20260915,6.473461896238209,50,50
aps_a0.1_mean_size,wisdm_watch_accel,extra_trees,20260916,6.549637873331232,50,50
aps_a0.1_mean_size,wisdm_watch_accel,extra_trees,20260917,6.1703243613608985,50,50
aps_a0.1_mean_size,wisdm_watch_accel,extra_trees,20260918,6.227537514746193,50,50
aps_a0.1_mean_size,wisdm_watch_accel,extra_trees,20260919,5.880201811939275,50,50
aps_a0.1_mean_size,wisdm_watch_accel,extra_trees,20260920,6.349530627705356,50,50
aps_a0.1_mean_size,wisdm_watch_accel,hist_gradient_boosting,20260911,9.87658181587313,50,50
aps_a0.1_mean_size,wisdm_watch_accel,hist_gradient_boosting,20260912,9.866830108974016,50,50
aps_a0.1_mean_size,wisdm_watch_accel,hist_gradient_boosting,20260913,9.605073307779879,50,50
aps_a0.1_mean_size,wisdm_watch_accel,hist_gradient_boosting,20260914,9.635820789123649,50,50
aps_a0.1_mean_size,wisdm_watch_accel,hist_gradient_boosting,20260915,9.731727240086412,50,50
aps_a0.1_mean_size,wisdm_watch_accel,hist_gradient_boosting,20260916,9.976786298127516,50,50
aps_a0.1_mean_size,wisdm_watch_accel,hist_gradient_boosting,20260917,10.00907379250804,50,50
aps_a0.1_mean_size,wisdm_watch_accel,hist_gradient_boosting,20260918,9.848951495538504,50,50
aps_a0.1_mean_size,wisdm_watch_accel,hist_gradient_boosting,20260919,9.903835651991567,50,50
aps_a0.1_mean_size,wisdm_watch_accel,hist_gradient_boosting,20260920,9.991497435759873,50,50
aps_a0.1_mean_size,wisdm_watch_accel,logistic,20260911,7.975073955510692,50,50
aps_a0.1_mean_size,wisdm_watch_accel,logistic,20260912,7.878338637207869,50,50
aps_a0.1_mean_size,wisdm_watch_accel,logistic,20260913,7.621071927296581,50,50
aps_a0.1_mean_size,wisdm_watch_accel,logistic,20260914,7.894867847703451,50,50
aps_a0.1_mean_size,wisdm_watch_accel,logistic,20260915,7.629648280088973,50,50
aps_a0.1_mean_size,wisdm_watch_accel,logistic,20260916,8.796980098577249,50,50
aps_a0.1_mean_size,wisdm_watch_accel,logistic,20260917,8.499797702424607,50,50
aps_a0.1_mean_size,wisdm_watch_accel,logistic,20260918,7.985808156491496,50,50
aps_a0.1_mean_size,wisdm_watch_accel,logistic,20260919,7.960170611958954,50,50
aps_a0.1_mean_size,wisdm_watch_accel,logistic,20260920,9.077353429502994,50,50
aps_a0.1_mean_size,wisdm_watch_accel,random_forest,20260911,6.6118329563225835,50,50
aps_a0.1_mean_size,wisdm_watch_accel,random_forest,20260912,7.936744325629175,50,50
aps_a0.1_mean_size,wisdm_watch_accel,random_forest,20260913,6.488942780967867,50,50
aps_a0.1_mean_size,wisdm_watch_accel,random_forest,20260914,6.419532688931684,50,50
aps_a0.1_mean_size,wisdm_watch_accel,random_forest,20260915,6.738587447901637,50,50
aps_a0.1_mean_size,wisdm_watch_accel,random_forest,20260916,6.468805003681389,50,50
aps_a0.1_mean_size,wisdm_watch_accel,random_forest,20260917,6.383162157745317,50,50
aps_a0.1_mean_size,wisdm_watch_accel,random_forest,20260918,6.2629434315122765,50,50
aps_a0.1_mean_size,wisdm_watch_accel,random_forest,20260919,6.2517889371075945,50,50
aps_a0.1_mean_size,wisdm_watch_accel,random_forest,20260920,8.011578866023742,50,50
aps_a0.1_singleton_error,uci_har,cnn1d,20260911,0.0,30,26
aps_a0.1_singleton_error,uci_har,cnn1d,20260912,0.0,30,28
aps_a0.1_singleton_error,uci_har,cnn1d,20260913,0.0,30,28
aps_a0.1_singleton_error,uci_har,cnn1d,20260914,0.0,30,27
aps_a0.1_singleton_error,uci_har,cnn1d,20260915,0.0,30,29
aps_a0.1_singleton_error,uci_har,cnn1d,20260916,0.04114604462474645,30,30
aps_a0.1_singleton_error,uci_har,cnn1d,20260917,0.0,30,29
aps_a0.1_singleton_error,uci_har,cnn1d,20260918,0.0010834236186348862,30,26
aps_a0.1_singleton_error,uci_har,cnn1d,20260919,0.0010141987829614604,30,29
aps_a0.1_singleton_error,uci_har,cnn1d,20260920,0.0,30,28
aps_a0.1_singleton_error,uci_har,extra_trees,20260911,0.05255404166358156,30,30
aps_a0.1_singleton_error,uci_har,extra_trees,20260912,0.06293718040718138,30,30
aps_a0.1_singleton_error,uci_har,extra_trees,20260913,0.0634813764952055,30,30
aps_a0.1_singleton_error,uci_har,extra_trees,20260914,0.06327329971388786,30,30
aps_a0.1_singleton_error,uci_har,extra_trees,20260915,0.06630608000351719,30,30
aps_a0.1_singleton_error,uci_har,extra_trees,20260916,0.06438523648462113,30,30
aps_a0.1_singleton_error,uci_har,extra_trees,20260917,0.06510118073787861,30,30
aps_a0.1_singleton_error,uci_har,extra_trees,20260918,0.06516220272731892,30,30
aps_a0.1_singleton_error,uci_har,extra_trees,20260919,0.05318684773974881,30,30
aps_a0.1_singleton_error,uci_har,extra_trees,20260920,0.06599309029337612,30,30
aps_a0.1_singleton_error,uci_har,hist_gradient_boosting,20260911,0.005759291213836669,30,30
aps_a0.1_singleton_error,uci_har,hist_gradient_boosting,20260912,0.0059697027450029165,30,30
aps_a0.1_singleton_error,uci_har,hist_gradient_boosting,20260913,0.0059697027450029165,30,30
aps_a0.1_singleton_error,uci_har,hist_gradient_boosting,20260914,0.0059697027450029165,30,30
aps_a0.1_singleton_error,uci_har,hist_gradient_boosting,20260915,0.0059697027450029165,30,30
aps_a0.1_singleton_error,uci_har,hist_gradient_boosting,20260916,0.0059697027450029165,30,30
aps_a0.1_singleton_error,uci_har,hist_gradient_boosting,20260917,0.0059697027450029165,30,30
aps_a0.1_singleton_error,uci_har,hist_gradient_boosting,20260918,0.0059697027450029165,30,30
aps_a0.1_singleton_error,uci_har,hist_gradient_boosting,20260919,0.005759291213836669,30,30
aps_a0.1_singleton_error,uci_har,hist_gradient_boosting,20260920,0.0059697027450029165,30,30
aps_a0.1_singleton_error,uci_har,logistic,20260911,0.027021416789957987,30,30
aps_a0.1_singleton_error,uci_har,logistic,20260912,0.027174627265877785,30,30
aps_a0.1_singleton_error,uci_har,logistic,20260913,0.027174627265877785,30,30
aps_a0.1_singleton_error,uci_har,logistic,20260914,0.027174627265877785,30,30
aps_a0.1_singleton_error,uci_har,logistic,20260915,0.027174627265877785,30,30
aps_a0.1_singleton_error,uci_har,logistic,20260916,0.027174627265877785,30,30
aps_a0.1_singleton_error,uci_har,logistic,20260917,0.027174627265877785,30,30
aps_a0.1_singleton_error,uci_har,logistic,20260918,0.027174627265877785,30,30
aps_a0.1_singleton_error,uci_har,logistic,20260919,0.027021416789957987,30,30
aps_a0.1_singleton_error,uci_har,logistic,20260920,0.027174627265877785,30,30
aps_a0.1_singleton_error,uci_har,random_forest,20260911,0.0533428428616316,30,30
aps_a0.1_singleton_error,uci_har,random_forest,20260912,0.06983096650783786,30,30
aps_a0.1_singleton_error,uci_har,random_forest,20260913,0.06726878862128007,30,30
aps_a0.1_singleton_error,uci_har,random_forest,20260914,0.06199457367489999,30,30
aps_a0.1_singleton_error,uci_har,random_forest,20260915,0.06833374567364059,30,30
aps_a0.1_singleton_error,uci_har,random_forest,20260916,0.06525224385449475,30,30
aps_a0.1_singleton_error,uci_har,random_forest,20260917,0.06781322880774164,30,30
aps_a0.1_singleton_error,uci_har,random_forest,20260918,0.06588596137546306,30,30
aps_a0.1_singleton_error,uci_har,random_forest,20260919,0.05612837871564484,30,30
aps_a0.1_singleton_error,uci_har,random_forest,20260920,0.06546333366132975,30,30
aps_a0.1_singleton_error,wisdm_watch_accel,cnn1d,20260911,0.08254395159643918,50,43
aps_a0.1_singleton_error,wisdm_watch_accel,cnn1d,20260912,0.09388946006444371,50,43
aps_a0.1_singleton_error,wisdm_watch_accel,cnn1d,20260913,0.021660832707344334,50,43
aps_a0.1_singleton_error,wisdm_watch_accel,cnn1d,20260914,0.03319982464530528,50,41
aps_a0.1_singleton_error,wisdm_watch_accel,cnn1d,20260915,0.03484848484848485,50,38
aps_a0.1_singleton_error,wisdm_watch_accel,cnn1d,20260916,0.06357136155897766,50,41
aps_a0.1_singleton_error,wisdm_watch_accel,cnn1d,20260917,0.046787820819384665,50,41
aps_a0.1_singleton_error,wisdm_watch_accel,cnn1d,20260918,0.015280748663101607,50,40
aps_a0.1_singleton_error,wisdm_watch_accel,cnn1d,20260919,0.09432764871429467,50,42
aps_a0.1_singleton_error,wisdm_watch_accel,cnn1d,20260920,0.024134199134199133,50,44
aps_a0.1_singleton_error,wisdm_watch_accel,extra_trees,20260911,0.06643288150633393,50,40
aps_a0.1_singleton_error,wisdm_watch_accel,extra_trees,20260912,0.06300555603789473,50,45
aps_a0.1_singleton_error,wisdm_watch_accel,extra_trees,20260913,0.09211719177332583,50,45
aps_a0.1_singleton_error,wisdm_watch_accel,extra_trees,20260914,0.05411371678166146,50,46
aps_a0.1_singleton_error,wisdm_watch_accel,extra_trees,20260915,0.05433318192110382,50,42
aps_a0.1_singleton_error,wisdm_watch_accel,extra_trees,20260916,0.0664151942256848,50,46
aps_a0.1_singleton_error,wisdm_watch_accel,extra_trees,20260917,0.09083054211128966,50,44
aps_a0.1_singleton_error,wisdm_watch_accel,extra_trees,20260918,0.07860346985920755,50,45
aps_a0.1_singleton_error,wisdm_watch_accel,extra_trees,20260919,0.08819689191596439,50,47
aps_a0.1_singleton_error,wisdm_watch_accel,extra_trees,20260920,0.06790631575590822,50,46
aps_a0.1_singleton_error,wisdm_watch_accel,hist_gradient_boosting,20260911,0.05282388271358468,50,49
aps_a0.1_singleton_error,wisdm_watch_accel,hist_gradient_boosting,20260912,0.052922769673220585,50,49
aps_a0.1_singleton_error,wisdm_watch_accel,hist_gradient_boosting,20260913,0.0555224185063385,50,47
aps_a0.1_singleton_error,wisdm_watch_accel,hist_gradient_boosting,20260914,0.0539689001009847,50,48
aps_a0.1_singleton_error,wisdm_watch_accel,hist_gradient_boosting,20260915,0.06762959031096438,50,49
aps_a0.1_singleton_error,wisdm_watch_accel,hist_gradient_boosting,20260916,0.06397519331630519,50,47
aps_a0.1_singleton_error,wisdm_watch_accel,hist_gradient_boosting,20260917,0.06072362563239436,50,48
aps_a0.1_singleton_error,wisdm_watch_accel,hist_gradient_boosting,20260918,0.0501779026989111,50,49
aps_a0.1_singleton_error,wisdm_watch_accel,hist_gradient_boosting,20260919,0.07271514175528737,50,49
aps_a0.1_singleton_error,wisdm_watch_accel,hist_gradient_boosting,20260920,0.030117395998559032,50,48
aps_a0.1_singleton_error,wisdm_watch_accel,logistic,20260911,0.1065100792719157,50,41
aps_a0.1_singleton_error,wisdm_watch_accel,logistic,20260912,0.10953734351752253,50,46
aps_a0.1_singleton_error,wisdm_watch_accel,logistic,20260913,0.13342621482008696,50,47
aps_a0.1_singleton_error,wisdm_watch_accel,logistic,20260914,0.09008388473566814,50,48
aps_a0.1_singleton_error,wisdm_watch_accel,logistic,20260915,0.1252617829054701,50,49
aps_a0.1_singleton_error,wisdm_watch_accel,logistic,20260916,0.1692843681173963,50,45
aps_a0.1_singleton_error,wisdm_watch_accel,logistic,20260917,0.12500373113898205,50,43
aps_a0.1_singleton_error,wisdm_watch_accel,logistic,20260918,0.13612414432955774,50,45
aps_a0.1_singleton_error,wisdm_watch_accel,logistic,20260919,0.13507680812339354,50,44
aps_a0.1_singleton_error,wisdm_watch_accel,logistic,20260920,0.1308994078231538,50,41
aps_a0.1_singleton_error,wisdm_watch_accel,random_forest,20260911,0.06931286514762103,50,46
aps_a0.1_singleton_error,wisdm_watch_accel,random_forest,20260912,0.046407961136120224,50,37
aps_a0.1_singleton_error,wisdm_watch_accel,random_forest,20260913,0.031355545445277085,50,45
aps_a0.1_singleton_error,wisdm_watch_accel,random_forest,20260914,0.03774150981930387,50,46
aps_a0.1_singleton_error,wisdm_watch_accel,random_forest,20260915,0.03489825311640468,50,44
aps_a0.1_singleton_error,wisdm_watch_accel,random_forest,20260916,0.039832812939065036,50,45
aps_a0.1_singleton_error,wisdm_watch_accel,random_forest,20260917,0.06809761389918227,50,46
aps_a0.1_singleton_error,wisdm_watch_accel,random_forest,20260918,0.0691534781742466,50,47
aps_a0.1_singleton_error,wisdm_watch_accel,random_forest,20260919,0.04162483493059662,50,45
aps_a0.1_singleton_error,wisdm_watch_accel,random_forest,20260920,0.03368174317183811,50,39
aps_a0.2_coverage_gap,uci_har,cnn1d,20260911,0.010048370304762267,30,30
aps_a0.2_coverage_gap,uci_har,cnn1d,20260912,0.0057682599276154675,30,30
aps_a0.2_coverage_gap,uci_har,cnn1d,20260913,0.0014724976291955127,30,30
aps_a0.2_coverage_gap,uci_har,cnn1d,20260914,-0.007578567394939276,30,30
aps_a0.2_coverage_gap,uci_har,cnn1d,20260915,0.0013389352495947193,30,30
aps_a0.2_coverage_gap,uci_har,cnn1d,20260916,-0.011381719335819215,30,30
aps_a0.2_coverage_gap,uci_har,cnn1d,20260917,-0.0021079342861190175,30,30
aps_a0.2_coverage_gap,uci_har,cnn1d,20260918,-0.03138099624695981,30,30
aps_a0.2_coverage_gap,uci_har,cnn1d,20260919,0.006202878020268302,30,30
aps_a0.2_coverage_gap,uci_har,cnn1d,20260920,-0.0390079808004181,30,30
aps_a0.2_coverage_gap,uci_har,extra_trees,20260911,0.008130171242019606,30,30
aps_a0.2_coverage_gap,uci_har,extra_trees,20260912,0.0009054855571317725,30,30
aps_a0.2_coverage_gap,uci_har,extra_trees,20260913,-0.0005736654457911938,30,30
aps_a0.2_coverage_gap,uci_har,extra_trees,20260914,5.825144614889366e-05,30,30
aps_a0.2_coverage_gap,uci_har,extra_trees,20260915,0.008894282094097605,30,30
aps_a0.2_coverage_gap,uci_har,extra_trees,20260916,0.0017139823990576638,30,30
aps_a0.2_coverage_gap,uci_har,extra_trees,20260917,-0.0006480736332532766,30,30
aps_a0.2_coverage_gap,uci_har,extra_trees,20260918,0.0023514825154538695,30,30
aps_a0.2_coverage_gap,uci_har,extra_trees,20260919,0.004581160794682159,30,30
aps_a0.2_coverage_gap,uci_har,extra_trees,20260920,0.00556888122861298,30,30
aps_a0.2_coverage_gap,uci_har,hist_gradient_boosting,20260911,0.002334167199820151,30,30
aps_a0.2_coverage_gap,uci_har,hist_gradient_boosting,20260912,0.0001280150795566611,30,30
aps_a0.2_coverage_gap,uci_har,hist_gradient_boosting,20260913,0.0001280150795566611,30,30
aps_a0.2_coverage_gap,uci_har,hist_gradient_boosting,20260914,0.0001280150795566611,30,30
aps_a0.2_coverage_gap,uci_har,hist_gradient_boosting,20260915,0.0001280150795566611,30,30
aps_a0.2_coverage_gap,uci_har,hist_gradient_boosting,20260916,0.0001280150795566611,30,30
aps_a0.2_coverage_gap,uci_har,hist_gradient_boosting,20260917,0.0001280150795566611,30,30
aps_a0.2_coverage_gap,uci_har,hist_gradient_boosting,20260918,0.0001280150795566611,30,30
aps_a0.2_coverage_gap,uci_har,hist_gradient_boosting,20260919,0.002334167199820151,30,30
aps_a0.2_coverage_gap,uci_har,hist_gradient_boosting,20260920,0.0001280150795566611,30,30
aps_a0.2_coverage_gap,uci_har,logistic,20260911,0.0005374583843296217,30,30
aps_a0.2_coverage_gap,uci_har,logistic,20260912,-0.008799495290683015,30,30
aps_a0.2_coverage_gap,uci_har,logistic,20260913,-0.008799495290683015,30,30
aps_a0.2_coverage_gap,uci_har,logistic,20260914,-0.008799495290683015,30,30
aps_a0.2_coverage_gap,uci_har,logistic,20260915,-0.008799495290683015,30,30
aps_a0.2_coverage_gap,uci_har,logistic,20260916,-0.008799495290683015,30,30
aps_a0.2_coverage_gap,uci_har,logistic,20260917,-0.008799495290683015,30,30
aps_a0.2_coverage_gap,uci_har,logistic,20260918,-0.008799495290683015,30,30
aps_a0.2_coverage_gap,uci_har,logistic,20260919,0.0005374583843296217,30,30
aps_a0.2_coverage_gap,uci_har,logistic,20260920,-0.008799495290683015,30,30
aps_a0.2_coverage_gap,uci_har,random_forest,20260911,0.008421597514796852,30,30
aps_a0.2_coverage_gap,uci_har,random_forest,20260912,0.012411257362280773,30,30
aps_a0.2_coverage_gap,uci_har,random_forest,20260913,0.006353909015981526,30,30
aps_a0.2_coverage_gap,uci_har,random_forest,20260914,0.016475115630357005,30,30
aps_a0.2_coverage_gap,uci_har,random_forest,20260915,0.016626275620397993,30,30
aps_a0.2_coverage_gap,uci_har,random_forest,20260916,0.017558353990657565,30,30
aps_a0.2_coverage_gap,uci_har,random_forest,20260917,0.01442200174552127,30,30
aps_a0.2_coverage_gap,uci_har,random_forest,20260918,0.01214710303304778,30,30
aps_a0.2_coverage_gap,uci_har,random_forest,20260919,0.01628535396346447,30,30
aps_a0.2_coverage_gap,uci_har,random_forest,20260920,0.01018536687539741,30,30
aps_a0.2_coverage_gap,wisdm_watch_accel,cnn1d,20260911,-0.006509056069277408,50,50
aps_a0.2_coverage_gap,wisdm_watch_accel,cnn1d,20260912,0.010935954079779417,50,50
aps_a0.2_coverage_gap,wisdm_watch_accel,cnn1d,20260913,0.011955638077380933,50,50
aps_a0.2_coverage_gap,wisdm_watch_accel,cnn1d,20260914,0.03486483906054177,50,50
aps_a0.2_coverage_gap,wisdm_watch_accel,cnn1d,20260915,0.028945863526652807,50,50
aps_a0.2_coverage_gap,wisdm_watch_accel,cnn1d,20260916,0.005791256064006891,50,50
aps_a0.2_coverage_gap,wisdm_watch_accel,cnn1d,20260917,0.01664177990081078,50,50
aps_a0.2_coverage_gap,wisdm_watch_accel,cnn1d,20260918,0.014524114065388309,50,50
aps_a0.2_coverage_gap,wisdm_watch_accel,cnn1d,20260919,-0.015770785554683593,50,50
aps_a0.2_coverage_gap,wisdm_watch_accel,cnn1d,20260920,0.026118963067499897,50,50
aps_a0.2_coverage_gap,wisdm_watch_accel,extra_trees,20260911,0.023248745799138684,50,50
aps_a0.2_coverage_gap,wisdm_watch_accel,extra_trees,20260912,0.033670537109934395,50,50
aps_a0.2_coverage_gap,wisdm_watch_accel,extra_trees,20260913,0.02711588476320652,50,50
aps_a0.2_coverage_gap,wisdm_watch_accel,extra_trees,20260914,0.018902510278427938,50,50
aps_a0.2_coverage_gap,wisdm_watch_accel,extra_trees,20260915,0.02008362291842574,50,50
aps_a0.2_coverage_gap,wisdm_watch_accel,extra_trees,20260916,0.025004245061076277,50,50
aps_a0.2_coverage_gap,wisdm_watch_accel,extra_trees,20260917,0.03135217522700278,50,50
aps_a0.2_coverage_gap,wisdm_watch_accel,extra_trees,20260918,0.029821394102565978,50,50
aps_a0.2_coverage_gap,wisdm_watch_accel,extra_trees,20260919,0.032305459032421206,50,50
aps_a0.2_coverage_gap,wisdm_watch_accel,extra_trees,20260920,0.027213364847829623,50,50
aps_a0.2_coverage_gap,wisdm_watch_accel,hist_gradient_boosting,20260911,-0.007789224591641473,50,50
aps_a0.2_coverage_gap,wisdm_watch_accel,hist_gradient_boosting,20260912,0.004559087170395291,50,50
aps_a0.2_coverage_gap,wisdm_watch_accel,hist_gradient_boosting,20260913,-0.010949271592761971,50,50
aps_a0.2_coverage_gap,wisdm_watch_accel,hist_gradient_boosting,20260914,-0.014856065311139602,50,50
aps_a0.2_coverage_gap,wisdm_watch_accel,hist_gradient_boosting,20260915,-0.009757604005042761,50,50
aps_a0.2_coverage_gap,wisdm_watch_accel,hist_gradient_boosting,20260916,-0.004280284264166629,50,50
aps_a0.2_coverage_gap,wisdm_watch_accel,hist_gradient_boosting,20260917,-0.001302714961693765,50,50
aps_a0.2_coverage_gap,wisdm_watch_accel,hist_gradient_boosting,20260918,-0.003255684251865143,50,50
aps_a0.2_coverage_gap,wisdm_watch_accel,hist_gradient_boosting,20260919,-0.008542965618925164,50,50
aps_a0.2_coverage_gap,wisdm_watch_accel,hist_gradient_boosting,20260920,0.0061878694894574,50,50
aps_a0.2_coverage_gap,wisdm_watch_accel,logistic,20260911,0.02671373777198262,50,50
aps_a0.2_coverage_gap,wisdm_watch_accel,logistic,20260912,0.015996846611938863,50,50
aps_a0.2_coverage_gap,wisdm_watch_accel,logistic,20260913,0.01912009786904805,50,50
aps_a0.2_coverage_gap,wisdm_watch_accel,logistic,20260914,0.029872803303895454,50,50
aps_a0.2_coverage_gap,wisdm_watch_accel,logistic,20260915,0.01993877330306393,50,50
aps_a0.2_coverage_gap,wisdm_watch_accel,logistic,20260916,0.028302713104148874,50,50
aps_a0.2_coverage_gap,wisdm_watch_accel,logistic,20260917,0.026386018183309334,50,50
aps_a0.2_coverage_gap,wisdm_watch_accel,logistic,20260918,0.029295355949895317,50,50
aps_a0.2_coverage_gap,wisdm_watch_accel,logistic,20260919,0.017921992278484712,50,50
aps_a0.2_coverage_gap,wisdm_watch_accel,logistic,20260920,0.015004757411426846,50,50
aps_a0.2_coverage_gap,wisdm_watch_accel,random_forest,20260911,0.016385001552598196,50,50
aps_a0.2_coverage_gap,wisdm_watch_accel,random_forest,20260912,0.029007375395198168,50,50
aps_a0.2_coverage_gap,wisdm_watch_accel,random_forest,20260913,0.01728494316917314,50,50
aps_a0.2_coverage_gap,wisdm_watch_accel,random_forest,20260914,0.016294959679249134,50,50
aps_a0.2_coverage_gap,wisdm_watch_accel,random_forest,20260915,0.020330453154047707,50,50
aps_a0.2_coverage_gap,wisdm_watch_accel,random_forest,20260916,0.015080669946370579,50,50
aps_a0.2_coverage_gap,wisdm_watch_accel,random_forest,20260917,0.018519368548524248,50,50
aps_a0.2_coverage_gap,wisdm_watch_accel,random_forest,20260918,0.01871475614991168,50,50
aps_a0.2_coverage_gap,wisdm_watch_accel,random_forest,20260919,0.025210620926942928,50,50
aps_a0.2_coverage_gap,wisdm_watch_accel,random_forest,20260920,0.018764516354742654,50,50
aps_a0.2_mean_size,uci_har,cnn1d,20260911,2.5139810346799885,30,30
aps_a0.2_mean_size,uci_har,cnn1d,20260912,2.35408765236396,30,30
aps_a0.2_mean_size,uci_har,cnn1d,20260913,2.459868949447321,30,30
aps_a0.2_mean_size,uci_har,cnn1d,20260914,2.4904267423057203,30,30
aps_a0.2_mean_size,uci_har,cnn1d,20260915,2.0645580171290407,30,30
aps_a0.2_mean_size,uci_har,cnn1d,20260916,2.1763948244798663,30,30
aps_a0.2_mean_size,uci_har,cnn1d,20260917,2.4515612790602432,30,30
aps_a0.2_mean_size,uci_har,cnn1d,20260918,2.2820501949634253,30,30
aps_a0.2_mean_size,uci_har,cnn1d,20260919,2.1734585234385024,30,30
aps_a0.2_mean_size,uci_har,cnn1d,20260920,2.1472765704806163,30,30
aps_a0.2_mean_size,uci_har,extra_trees,20260911,1.174124417009452,30,30
aps_a0.2_mean_size,uci_har,extra_trees,20260912,1.180654080233528,30,30
aps_a0.2_mean_size,uci_har,extra_trees,20260913,1.1711921748201521,30,30
aps_a0.2_mean_size,uci_har,extra_trees,20260914,1.1748165726794892,30,30
aps_a0.2_mean_size,uci_har,extra_trees,20260915,1.1922117632302487,30,30
aps_a0.2_mean_size,uci_har,extra_trees,20260916,1.1766751945627527,30,30
aps_a0.2_mean_size,uci_har,extra_trees,20260917,1.1701374667665425,30,30
aps_a0.2_mean_size,uci_har,extra_trees,20260918,1.1736002812188109,30,30
aps_a0.2_mean_size,uci_har,extra_trees,20260919,1.1681848819963814,30,30
aps_a0.2_mean_size,uci_har,extra_trees,20260920,1.1911540065929143,30,30
aps_a0.2_mean_size,uci_har,hist_gradient_boosting,20260911,2.348201000321842,30,30
aps_a0.2_mean_size,uci_har,hist_gradient_boosting,20260912,2.4004640020438215,30,30
aps_a0.2_mean_size,uci_har,hist_gradient_boosting,20260913,2.4004640020438215,30,30
aps_a0.2_mean_size,uci_har,hist_gradient_boosting,20260914,2.4004640020438215,30,30
aps_a0.2_mean_size,uci_har,hist_gradient_boosting,20260915,2.4004640020438215,30,30
aps_a0.2_mean_size,uci_har,hist_gradient_boosting,20260916,2.4004640020438215,30,30
aps_a0.2_mean_size,uci_har,hist_gradient_boosting,20260917,2.4004640020438215,30,30
aps_a0.2_mean_size,uci_har,hist_gradient_boosting,20260918,2.4004640020438215,30,30
aps_a0.2_mean_size,uci_har,hist_gradient_boosting,20260919,2.348201000321842,30,30
aps_a0.2_mean_size,uci_har,hist_gradient_boosting,20260920,2.4004640020438215,30,30
aps_a0.2_mean_size,uci_har,logistic,20260911,1.3138080549431794,30,30
aps_a0.2_mean_size,uci_har,logistic,20260912,1.2702121632326953,30,30
aps_a0.2_mean_size,uci_har,logistic,20260913,1.2702121632326953,30,30
aps_a0.2_mean_size,uci_har,logistic,20260914,1.2702121632326953,30,30
aps_a0.2_mean_size,uci_har,logistic,20260915,1.2702121632326953,30,30
aps_a0.2_mean_size,uci_har,logistic,20260916,1.2702121632326953,30,30
aps_a0.2_mean_size,uci_har,logistic,20260917,1.2702121632326953,30,30
aps_a0.2_mean_size,uci_har,logistic,20260918,1.2702121632326953,30,30
aps_a0.2_mean_size,uci_har,logistic,20260919,1.3138080549431794,30,30
aps_a0.2_mean_size,uci_har,logistic,20260920,1.2702121632326953,30,30
aps_a0.2_mean_size,uci_har,random_forest,20260911,1.2729739127105846,30,30
aps_a0.2_mean_size,uci_har,random_forest,20260912,1.285782583029388,30,30
aps_a0.2_mean_size,uci_har,random_forest,20260913,1.2766413193426838,30,30
aps_a0.2_mean_size,uci_har,random_forest,20260914,1.3034361327274493,30,30
aps_a0.2_mean_size,uci_har,random_forest,20260915,1.2998367806574622,30,30
aps_a0.2_mean_size,uci_har,random_forest,20260916,1.3040570266031077,30,30
aps_a0.2_mean_size,uci_har,random_forest,20260917,1.289568702011562,30,30
aps_a0.2_mean_size,uci_har,random_forest,20260918,1.2911690911822622,30,30
aps_a0.2_mean_size,uci_har,random_forest,20260919,1.270226024164974,30,30
aps_a0.2_mean_size,uci_har,random_forest,20260920,1.2919923405165743,30,30
aps_a0.2_mean_size,wisdm_watch_accel,cnn1d,20260911,5.7065774939465586,50,50
aps_a0.2_mean_size,wisdm_watch_accel,cnn1d,20260912,5.994755252798699,50,50
aps_a0.2_mean_size,wisdm_watch_accel,cnn1d,20260913,5.811243876348035,50,50
aps_a0.2_mean_size,wisdm_watch_accel,cnn1d,20260914,5.979806490710005,50,50
aps_a0.2_mean_size,wisdm_watch_accel,cnn1d,20260915,6.73353745068169,50,50
aps_a0.2_mean_size,wisdm_watch_accel,cnn1d,20260916,5.90533216409869,50,50
aps_a0.2_mean_size,wisdm_watch_accel,cnn1d,20260917,5.940685291815977,50,50
aps_a0.2_mean_size,wisdm_watch_accel,cnn1d,20260918,6.153561039938853,50,50
aps_a0.2_mean_size,wisdm_watch_accel,cnn1d,20260919,5.801932860284093,50,50
aps_a0.2_mean_size,wisdm_watch_accel,cnn1d,20260920,6.12373490814764,50,50
aps_a0.2_mean_size,wisdm_watch_accel,extra_trees,20260911,4.369910197348649,50,50
aps_a0.2_mean_size,wisdm_watch_accel,extra_trees,20260912,4.372071096228198,50,50
aps_a0.2_mean_size,wisdm_watch_accel,extra_trees,20260913,4.229810551836781,50,50
aps_a0.2_mean_size,wisdm_watch_accel,extra_trees,20260914,4.304345351217009,50,50
aps_a0.2_mean_size,wisdm_watch_accel,extra_trees,20260915,4.22467984206502,50,50
aps_a0.2_mean_size,wisdm_watch_accel,extra_trees,20260916,4.315544534537258,50,50
aps_a0.2_mean_size,wisdm_watch_accel,extra_trees,20260917,4.296949147141549,50,50
aps_a0.2_mean_size,wisdm_watch_accel,extra_trees,20260918,4.29177118522428,50,50
aps_a0.2_mean_size,wisdm_watch_accel,extra_trees,20260919,4.159466773900463,50,50
aps_a0.2_mean_size,wisdm_watch_accel,extra_trees,20260920,4.3620132700821985,50,50
aps_a0.2_mean_size,wisdm_watch_accel,hist_gradient_boosting,20260911,7.109192949731115,50,50
aps_a0.2_mean_size,wisdm_watch_accel,hist_gradient_boosting,20260912,7.175111398443375,50,50
aps_a0.2_mean_size,wisdm_watch_accel,hist_gradient_boosting,20260913,7.060038490666576,50,50
aps_a0.2_mean_size,wisdm_watch_accel,hist_gradient_boosting,20260914,6.96916270096455,50,50
aps_a0.2_mean_size,wisdm_watch_accel,hist_gradient_boosting,20260915,6.996117196175505,50,50
aps_a0.2_mean_size,wisdm_watch_accel,hist_gradient_boosting,20260916,7.204140437028426,50,50
aps_a0.2_mean_size,wisdm_watch_accel,hist_gradient_boosting,20260917,7.222204404885844,50,50
aps_a0.2_mean_size,wisdm_watch_accel,hist_gradient_boosting,20260918,7.190511946643216,50,50
aps_a0.2_mean_size,wisdm_watch_accel,hist_gradient_boosting,20260919,7.2854570956122995,50,50
aps_a0.2_mean_size,wisdm_watch_accel,hist_gradient_boosting,20260920,7.520804931344133,50,50
aps_a0.2_mean_size,wisdm_watch_accel,logistic,20260911,5.101579632493599,50,50
aps_a0.2_mean_size,wisdm_watch_accel,logistic,20260912,5.024658386593252,50,50
aps_a0.2_mean_size,wisdm_watch_accel,logistic,20260913,5.0137176013046085,50,50
aps_a0.2_mean_size,wisdm_watch_accel,logistic,20260914,5.110597856330609,50,50
aps_a0.2_mean_size,wisdm_watch_accel,logistic,20260915,5.028072130971805,50,50
aps_a0.2_mean_size,wisdm_watch_accel,logistic,20260916,5.424142285129312,50,50
aps_a0.2_mean_size,wisdm_watch_accel,logistic,20260917,5.190848119199205,50,50
aps_a0.2_mean_size,wisdm_watch_accel,logistic,20260918,5.341242117797829,50,50
aps_a0.2_mean_size,wisdm_watch_accel,logistic,20260919,5.066948970615003,50,50
aps_a0.2_mean_size,wisdm_watch_accel,logistic,20260920,5.279117613992481,50,50
aps_a0.2_mean_size,wisdm_watch_accel,random_forest,20260911,4.480517113143213,50,50
aps_a0.2_mean_size,wisdm_watch_accel,random_forest,20260912,4.566188567553805,50,50
aps_a0.2_mean_size,wisdm_watch_accel,random_forest,20260913,4.444858301410331,50,50
aps_a0.2_mean_size,wisdm_watch_accel,random_forest,20260914,4.461576060066915,50,50
aps_a0.2_mean_size,wisdm_watch_accel,random_forest,20260915,4.4977418374994915,50,50
aps_a0.2_mean_size,wisdm_watch_accel,random_forest,20260916,4.489337843110065,50,50
aps_a0.2_mean_size,wisdm_watch_accel,random_forest,20260917,4.452556031467093,50,50
aps_a0.2_mean_size,wisdm_watch_accel,random_forest,20260918,4.424918179676862,50,50
aps_a0.2_mean_size,wisdm_watch_accel,random_forest,20260919,4.399873982997822,50,50
aps_a0.2_mean_size,wisdm_watch_accel,random_forest,20260920,4.564611360989424,50,50
aps_a0.2_singleton_error,uci_har,cnn1d,20260911,0.0013888888888888887,30,30
aps_a0.2_singleton_error,uci_har,cnn1d,20260912,0.015476190476190477,30,30
aps_a0.2_singleton_error,uci_har,cnn1d,20260913,0.02151610644257703,30,30
aps_a0.2_singleton_error,uci_har,cnn1d,20260914,0.01407823122122311,30,30
aps_a0.2_singleton_error,uci_har,cnn1d,20260915,0.01274479366449303,30,30
aps_a0.2_singleton_error,uci_har,cnn1d,20260916,0.05314238138683538,30,29
aps_a0.2_singleton_error,uci_har,cnn1d,20260917,0.020701058201058203,30,30
aps_a0.2_singleton_error,uci_har,cnn1d,20260918,0.03322040680679052,30,30
aps_a0.2_singleton_error,uci_har,cnn1d,20260919,0.016742643972213523,30,30
aps_a0.2_singleton_error,uci_har,cnn1d,20260920,0.006206311736355703,30,30
aps_a0.2_singleton_error,uci_har,extra_trees,20260911,0.05833867855552831,30,30
aps_a0.2_singleton_error,uci_har,extra_trees,20260912,0.06950406345188774,30,30
aps_a0.2_singleton_error,uci_har,extra_trees,20260913,0.06854368510085666,30,30
aps_a0.2_singleton_error,uci_har,extra_trees,20260914,0.06653660533706453,30,30
aps_a0.2_singleton_error,uci_har,extra_trees,20260915,0.06906655147264716,30,30
aps_a0.2_singleton_error,uci_har,extra_trees,20260916,0.06907675200751794,30,30
aps_a0.2_singleton_error,uci_har,extra_trees,20260917,0.0690732796585183,30,30
aps_a0.2_singleton_error,uci_har,extra_trees,20260918,0.06836830099875085,30,30
aps_a0.2_singleton_error,uci_har,extra_trees,20260919,0.059521822235842785,30,30
aps_a0.2_singleton_error,uci_har,extra_trees,20260920,0.07009403313835591,30,30
aps_a0.2_singleton_error,uci_har,hist_gradient_boosting,20260911,0.010370202820148512,30,30
aps_a0.2_singleton_error,uci_har,hist_gradient_boosting,20260912,0.01163159944009721,30,30
aps_a0.2_singleton_error,uci_har,hist_gradient_boosting,20260913,0.01163159944009721,30,30
aps_a0.2_singleton_error,uci_har,hist_gradient_boosting,20260914,0.01163159944009721,30,30
aps_a0.2_singleton_error,uci_har,hist_gradient_boosting,20260915,0.01163159944009721,30,30
aps_a0.2_singleton_error,uci_har,hist_gradient_boosting,20260916,0.01163159944009721,30,30
aps_a0.2_singleton_error,uci_har,hist_gradient_boosting,20260917,0.01163159944009721,30,30
aps_a0.2_singleton_error,uci_har,hist_gradient_boosting,20260918,0.01163159944009721,30,30
aps_a0.2_singleton_error,uci_har,hist_gradient_boosting,20260919,0.010370202820148512,30,30
aps_a0.2_singleton_error,uci_har,hist_gradient_boosting,20260920,0.01163159944009721,30,30
aps_a0.2_singleton_error,uci_har,logistic,20260911,0.03790192283713487,30,30
aps_a0.2_singleton_error,uci_har,logistic,20260912,0.033537988762229895,30,30
aps_a0.2_singleton_error,uci_har,logistic,20260913,0.033537988762229895,30,30
aps_a0.2_singleton_error,uci_har,logistic,20260914,0.033537988762229895,30,30
aps_a0.2_singleton_error,uci_har,logistic,20260915,0.033537988762229895,30,30
aps_a0.2_singleton_error,uci_har,logistic,20260916,0.033537988762229895,30,30
aps_a0.2_singleton_error,uci_har,logistic,20260917,0.033537988762229895,30,30
aps_a0.2_singleton_error,uci_har,logistic,20260918,0.033537988762229895,30,30
aps_a0.2_singleton_error,uci_har,logistic,20260919,0.03790192283713487,30,30
aps_a0.2_singleton_error,uci_har,logistic,20260920,0.033537988762229895,30,30
aps_a0.2_singleton_error,uci_har,random_forest,20260911,0.07896672617649139,30,30
aps_a0.2_singleton_error,uci_har,random_forest,20260912,0.0927273432135053,30,30
aps_a0.2_singleton_error,uci_har,random_forest,20260913,0.09319630452825645,30,30
aps_a0.2_singleton_error,uci_har,random_forest,20260914,0.08503905019879392,30,30
aps_a0.2_singleton_error,uci_har,random_forest,20260915,0.0871848223395037,30,30
aps_a0.2_singleton_error,uci_har,random_forest,20260916,0.08781072298096579,30,30
aps_a0.2_singleton_error,uci_har,random_forest,20260917,0.08549566240645357,30,30
aps_a0.2_singleton_error,uci_har,random_forest,20260918,0.08604239935218931,30,30
aps_a0.2_singleton_error,uci_har,random_forest,20260919,0.07089061028241757,30,30
aps_a0.2_singleton_error,uci_har,random_forest,20260920,0.09441884610184174,30,30
aps_a0.2_singleton_error,wisdm_watch_accel,cnn1d,20260911,0.245992751637232,50,46
aps_a0.2_singleton_error,wisdm_watch_accel,cnn1d,20260912,0.1729669406871982,50,45
aps_a0.2_singleton_error,wisdm_watch_accel,cnn1d,20260913,0.15440776252586846,50,47
aps_a0.2_singleton_error,wisdm_watch_accel,cnn1d,20260914,0.1655441056571302,50,45
aps_a0.2_singleton_error,wisdm_watch_accel,cnn1d,20260915,0.0810493250865523,50,41
aps_a0.2_singleton_error,wisdm_watch_accel,cnn1d,20260916,0.1220865040230263,50,44
aps_a0.2_singleton_error,wisdm_watch_accel,cnn1d,20260917,0.15150118617433644,50,45
aps_a0.2_singleton_error,wisdm_watch_accel,cnn1d,20260918,0.08618956387292333,50,46
aps_a0.2_singleton_error,wisdm_watch_accel,cnn1d,20260919,0.20190877344427402,50,47
aps_a0.2_singleton_error,wisdm_watch_accel,cnn1d,20260920,0.13379350798887693,50,48
aps_a0.2_singleton_error,wisdm_watch_accel,extra_trees,20260911,0.09806688737112988,50,48
aps_a0.2_singleton_error,wisdm_watch_accel,extra_trees,20260912,0.09712482600565286,50,49
aps_a0.2_singleton_error,wisdm_watch_accel,extra_trees,20260913,0.0891290300493419,50,49
aps_a0.2_singleton_error,wisdm_watch_accel,extra_trees,20260914,0.10957014480631744,50,48
aps_a0.2_singleton_error,wisdm_watch_accel,extra_trees,20260915,0.11049708927980526,50,49
aps_a0.2_singleton_error,wisdm_watch_accel,extra_trees,20260916,0.10810426162072478,50,48
aps_a0.2_singleton_error,wisdm_watch_accel,extra_trees,20260917,0.11137110750522088,50,48
aps_a0.2_singleton_error,wisdm_watch_accel,extra_trees,20260918,0.10311794972372844,50,47
aps_a0.2_singleton_error,wisdm_watch_accel,extra_trees,20260919,0.11621367543890593,50,48
aps_a0.2_singleton_error,wisdm_watch_accel,extra_trees,20260920,0.09446679479622536,50,49
aps_a0.2_singleton_error,wisdm_watch_accel,hist_gradient_boosting,20260911,0.08612805438292093,50,50
aps_a0.2_singleton_error,wisdm_watch_accel,hist_gradient_boosting,20260912,0.08010689727395681,50,49
aps_a0.2_singleton_error,wisdm_watch_accel,hist_gradient_boosting,20260913,0.08167257154867459,50,49
aps_a0.2_singleton_error,wisdm_watch_accel,hist_gradient_boosting,20260914,0.09057661588452048,50,49
aps_a0.2_singleton_error,wisdm_watch_accel,hist_gradient_boosting,20260915,0.10598923706324033,50,49
aps_a0.2_singleton_error,wisdm_watch_accel,hist_gradient_boosting,20260916,0.08892355502751086,50,49
aps_a0.2_singleton_error,wisdm_watch_accel,hist_gradient_boosting,20260917,0.09731037100643748,50,49
aps_a0.2_singleton_error,wisdm_watch_accel,hist_gradient_boosting,20260918,0.10435707531328856,50,49
aps_a0.2_singleton_error,wisdm_watch_accel,hist_gradient_boosting,20260919,0.10146622912045114,50,49
aps_a0.2_singleton_error,wisdm_watch_accel,hist_gradient_boosting,20260920,0.08130134450009907,50,50
aps_a0.2_singleton_error,wisdm_watch_accel,logistic,20260911,0.16628296887309874,50,50
aps_a0.2_singleton_error,wisdm_watch_accel,logistic,20260912,0.20577665229730932,50,50
aps_a0.2_singleton_error,wisdm_watch_accel,logistic,20260913,0.16941998114050827,50,50
aps_a0.2_singleton_error,wisdm_watch_accel,logistic,20260914,0.18366747498497804,50,50
aps_a0.2_singleton_error,wisdm_watch_accel,logistic,20260915,0.18835027858433787,50,50
aps_a0.2_singleton_error,wisdm_watch_accel,logistic,20260916,0.20052986174363782,50,48
aps_a0.2_singleton_error,wisdm_watch_accel,logistic,20260917,0.20950329069511806,50,50
aps_a0.2_singleton_error,wisdm_watch_accel,logistic,20260918,0.19095782022351274,50,50
aps_a0.2_singleton_error,wisdm_watch_accel,logistic,20260919,0.1895015823604497,50,50
aps_a0.2_singleton_error,wisdm_watch_accel,logistic,20260920,0.21216612102621363,50,50
aps_a0.2_singleton_error,wisdm_watch_accel,random_forest,20260911,0.08478159283445515,50,47
aps_a0.2_singleton_error,wisdm_watch_accel,random_forest,20260912,0.09022011835496774,50,47
aps_a0.2_singleton_error,wisdm_watch_accel,random_forest,20260913,0.08403580929893088,50,49
aps_a0.2_singleton_error,wisdm_watch_accel,random_forest,20260914,0.09763208299596589,50,49
aps_a0.2_singleton_error,wisdm_watch_accel,random_forest,20260915,0.09640369958949742,50,49
aps_a0.2_singleton_error,wisdm_watch_accel,random_forest,20260916,0.08963104147749235,50,49
aps_a0.2_singleton_error,wisdm_watch_accel,random_forest,20260917,0.09420114411276792,50,48
aps_a0.2_singleton_error,wisdm_watch_accel,random_forest,20260918,0.10099284264581553,50,48
aps_a0.2_singleton_error,wisdm_watch_accel,random_forest,20260919,0.10998272667093266,50,49
aps_a0.2_singleton_error,wisdm_watch_accel,random_forest,20260920,0.09775048970066146,50,49
calibration_iso_brier,uci_har,cnn1d,20260911,0.014910220357676323,30,30
calibration_iso_brier,uci_har,cnn1d,20260912,0.0014342630564088382,30,30
calibration_iso_brier,uci_har,cnn1d,20260913,0.006460192725657416,30,30
calibration_iso_brier,uci_har,cnn1d,20260914,0.014271771204413588,30,30
calibration_iso_brier,uci_har,cnn1d,20260915,0.007241210912073444,30,30
calibration_iso_brier,uci_har,cnn1d,20260916,0.0027044614713889773,30,30
calibration_iso_brier,uci_har,cnn1d,20260917,0.012969682647522815,30,30
calibration_iso_brier,uci_har,cnn1d,20260918,0.010674734312519198,30,30
calibration_iso_brier,uci_har,cnn1d,20260919,0.023768409501181635,30,30
calibration_iso_brier,uci_har,cnn1d,20260920,0.01908982629681005,30,30
calibration_iso_brier,uci_har,extra_trees,20260911,-0.03563698264179281,30,30
calibration_iso_brier,uci_har,extra_trees,20260912,-0.03859648654053098,30,30
calibration_iso_brier,uci_har,extra_trees,20260913,-0.036560017007409094,30,30
calibration_iso_brier,uci_har,extra_trees,20260914,-0.03749533141304297,30,30
calibration_iso_brier,uci_har,extra_trees,20260915,-0.03866154792942475,30,30
calibration_iso_brier,uci_har,extra_trees,20260916,-0.0370506641870963,30,30
calibration_iso_brier,uci_har,extra_trees,20260917,-0.037522294214192474,30,30
calibration_iso_brier,uci_har,extra_trees,20260918,-0.03692162084457207,30,30
calibration_iso_brier,uci_har,extra_trees,20260919,-0.03494421827974894,30,30
calibration_iso_brier,uci_har,extra_trees,20260920,-0.035209818530580216,30,30
calibration_iso_brier,uci_har,hist_gradient_boosting,20260911,-0.001797823087425835,30,30
calibration_iso_brier,uci_har,hist_gradient_boosting,20260912,-0.006122672975507744,30,30
calibration_iso_brier,uci_har,hist_gradient_boosting,20260913,-0.006122672975507744,30,30
calibration_iso_brier,uci_har,hist_gradient_boosting,20260914,-0.006122672975507744,30,30
calibration_iso_brier,uci_har,hist_gradient_boosting,20260915,-0.006122672975507744,30,30
calibration_iso_brier,uci_har,hist_gradient_boosting,20260916,-0.006122672975507744,30,30
calibration_iso_brier,uci_har,hist_gradient_boosting,20260917,-0.006122672975507744,30,30
calibration_iso_brier,uci_har,hist_gradient_boosting,20260918,-0.006122672975507744,30,30
calibration_iso_brier,uci_har,hist_gradient_boosting,20260919,-0.001797823087425835,30,30
calibration_iso_brier,uci_har,hist_gradient_boosting,20260920,-0.006122672975507744,30,30
calibration_iso_brier,uci_har,logistic,20260911,0.007880365070820452,30,30
calibration_iso_brier,uci_har,logistic,20260912,0.007974011181262668,30,30
calibration_iso_brier,uci_har,logistic,20260913,0.007974011181262668,30,30
calibration_iso_brier,uci_har,logistic,20260914,0.007974011181262668,30,30
calibration_iso_brier,uci_har,logistic,20260915,0.007974011181262668,30,30
calibration_iso_brier,uci_har,logistic,20260916,0.007974011181262668,30,30
calibration_iso_brier,uci_har,logistic,20260917,0.007974011181262668,30,30
calibration_iso_brier,uci_har,logistic,20260918,0.007974011181262668,30,30
calibration_iso_brier,uci_har,logistic,20260919,0.007880365070820452,30,30
calibration_iso_brier,uci_har,logistic,20260920,0.007974011181262668,30,30
calibration_iso_brier,uci_har,random_forest,20260911,-0.012517712307580456,30,30
calibration_iso_brier,uci_har,random_forest,20260912,-0.0117420755153585,30,30
calibration_iso_brier,uci_har,random_forest,20260913,-0.012112215972020541,30,30
calibration_iso_brier,uci_har,random_forest,20260914,-0.011324455029922168,30,30
calibration_iso_brier,uci_har,random_forest,20260915,-0.012920784246842032,30,30
calibration_iso_brier,uci_har,random_forest,20260916,-0.008796614290322077,30,30
calibration_iso_brier,uci_har,random_forest,20260917,-0.010630776935097834,30,30
calibration_iso_brier,uci_har,random_forest,20260918,-0.013126985980171934,30,30
calibration_iso_brier,uci_har,random_forest,20260919,-0.012096011963571433,30,30
calibration_iso_brier,uci_har,random_forest,20260920,-0.011779679281609116,30,30
calibration_iso_brier,wisdm_watch_accel,cnn1d,20260911,-0.01442056854661462,50,50
calibration_iso_brier,wisdm_watch_accel,cnn1d,20260912,-5.944738899920976e-05,50,50
calibration_iso_brier,wisdm_watch_accel,cnn1d,20260913,0.005096833894035512,50,50
calibration_iso_brier,wisdm_watch_accel,cnn1d,20260914,-0.005530261613439998,50,50
calibration_iso_brier,wisdm_watch_accel,cnn1d,20260915,-0.014357080241878747,50,50
calibration_iso_brier,wisdm_watch_accel,cnn1d,20260916,-0.017398713409061076,50,50
calibration_iso_brier,wisdm_watch_accel,cnn1d,20260917,-0.010184681222750963,50,50
calibration_iso_brier,wisdm_watch_accel,cnn1d,20260918,-0.009715610765960805,50,50
calibration_iso_brier,wisdm_watch_accel,cnn1d,20260919,-0.020042795435958643,50,50
calibration_iso_brier,wisdm_watch_accel,cnn1d,20260920,-0.007711560090485186,50,50
calibration_iso_brier,wisdm_watch_accel,extra_trees,20260911,-0.00670625552735447,50,50
calibration_iso_brier,wisdm_watch_accel,extra_trees,20260912,-0.0014317810866233348,50,50
calibration_iso_brier,wisdm_watch_accel,extra_trees,20260913,-0.007352266450909188,50,50
calibration_iso_brier,wisdm_watch_accel,extra_trees,20260914,-0.004719978440728979,50,50
calibration_iso_brier,wisdm_watch_accel,extra_trees,20260915,-0.005435090498947812,50,50
calibration_iso_brier,wisdm_watch_accel,extra_trees,20260916,-0.003967552419079575,50,50
calibration_iso_brier,wisdm_watch_accel,extra_trees,20260917,-0.00350994084072718,50,50
calibration_iso_brier,wisdm_watch_accel,extra_trees,20260918,-0.007958299988837462,50,50
calibration_iso_brier,wisdm_watch_accel,extra_trees,20260919,-0.012476125718456079,50,50
calibration_iso_brier,wisdm_watch_accel,extra_trees,20260920,-0.004270176372579314,50,50
calibration_iso_brier,wisdm_watch_accel,hist_gradient_boosting,20260911,-0.04574012818377173,50,50
calibration_iso_brier,wisdm_watch_accel,hist_gradient_boosting,20260912,-0.05035403914473007,50,50
calibration_iso_brier,wisdm_watch_accel,hist_gradient_boosting,20260913,-0.04831467369245551,50,50
calibration_iso_brier,wisdm_watch_accel,hist_gradient_boosting,20260914,-0.05183465706244311,50,50
calibration_iso_brier,wisdm_watch_accel,hist_gradient_boosting,20260915,-0.05125178780085902,50,50
calibration_iso_brier,wisdm_watch_accel,hist_gradient_boosting,20260916,-0.047955254346512516,50,50
calibration_iso_brier,wisdm_watch_accel,hist_gradient_boosting,20260917,-0.047664751311695695,50,50
calibration_iso_brier,wisdm_watch_accel,hist_gradient_boosting,20260918,-0.05669039534576499,50,50
calibration_iso_brier,wisdm_watch_accel,hist_gradient_boosting,20260919,-0.0565489010454834,50,50
calibration_iso_brier,wisdm_watch_accel,hist_gradient_boosting,20260920,-0.05885198418500673,50,50
calibration_iso_brier,wisdm_watch_accel,logistic,20260911,0.007192438549427198,50,50
calibration_iso_brier,wisdm_watch_accel,logistic,20260912,0.006884893669489082,50,50
calibration_iso_brier,wisdm_watch_accel,logistic,20260913,0.007630837612729119,50,50
calibration_iso_brier,wisdm_watch_accel,logistic,20260914,0.0029748091038008517,50,50
calibration_iso_brier,wisdm_watch_accel,logistic,20260915,0.003915275125128805,50,50
calibration_iso_brier,wisdm_watch_accel,logistic,20260916,0.00592462225582383,50,50
calibration_iso_brier,wisdm_watch_accel,logistic,20260917,0.007265704866848731,50,50
calibration_iso_brier,wisdm_watch_accel,logistic,20260918,-0.001073773439671566,50,50
calibration_iso_brier,wisdm_watch_accel,logistic,20260919,-0.00269603534989721,50,50
calibration_iso_brier,wisdm_watch_accel,logistic,20260920,-0.0003831288034503433,50,50
calibration_iso_brier,wisdm_watch_accel,random_forest,20260911,-0.0035141254895620128,50,50
calibration_iso_brier,wisdm_watch_accel,random_forest,20260912,0.002602877304011966,50,50
calibration_iso_brier,wisdm_watch_accel,random_forest,20260913,-0.007464315615089117,50,50
calibration_iso_brier,wisdm_watch_accel,random_forest,20260914,-0.0027102217571835295,50,50
calibration_iso_brier,wisdm_watch_accel,random_forest,20260915,-0.004488549892454294,50,50
calibration_iso_brier,wisdm_watch_accel,random_forest,20260916,-0.0046187215194597574,50,50
calibration_iso_brier,wisdm_watch_accel,random_forest,20260917,-0.006181728387081579,50,50
calibration_iso_brier,wisdm_watch_accel,random_forest,20260918,-0.006638788956075737,50,50
calibration_iso_brier,wisdm_watch_accel,random_forest,20260919,-0.0141493895282574,50,50
calibration_iso_brier,wisdm_watch_accel,random_forest,20260920,-0.0045508630798565776,50,50
calibration_iso_ece_15,uci_har,cnn1d,20260911,0.007320152363850563,30,30
calibration_iso_ece_15,uci_har,cnn1d,20260912,0.0046840584187523146,30,30
calibration_iso_ece_15,uci_har,cnn1d,20260913,0.0033506210300923377,30,30
calibration_iso_ece_15,uci_har,cnn1d,20260914,0.006872007171558263,30,30
calibration_iso_ece_15,uci_har,cnn1d,20260915,0.003334806281027294,30,30
calibration_iso_ece_15,uci_har,cnn1d,20260916,0.01239909181521467,30,30
calibration_iso_ece_15,uci_har,cnn1d,20260917,0.017834114250785287,30,30
calibration_iso_ece_15,uci_har,cnn1d,20260918,0.014017941525336076,30,30
calibration_iso_ece_15,uci_har,cnn1d,20260919,0.01414645032137513,30,30
calibration_iso_ece_15,uci_har,cnn1d,20260920,0.011844380644645724,30,30
calibration_iso_ece_15,uci_har,extra_trees,20260911,-0.09562463807097978,30,30
calibration_iso_ece_15,uci_har,extra_trees,20260912,-0.10021370882842699,30,30
calibration_iso_ece_15,uci_har,extra_trees,20260913,-0.09780529556767352,30,30
calibration_iso_ece_15,uci_har,extra_trees,20260914,-0.10094337964095611,30,30
calibration_iso_ece_15,uci_har,extra_trees,20260915,-0.10000214122032441,30,30
calibration_iso_ece_15,uci_har,extra_trees,20260916,-0.09718931127597236,30,30
calibration_iso_ece_15,uci_har,extra_trees,20260917,-0.10212342384866871,30,30
calibration_iso_ece_15,uci_har,extra_trees,20260918,-0.09603899917468615,30,30
calibration_iso_ece_15,uci_har,extra_trees,20260919,-0.0969718246568507,30,30
calibration_iso_ece_15,uci_har,extra_trees,20260920,-0.09803981374882134,30,30
calibration_iso_ece_15,uci_har,hist_gradient_boosting,20260911,0.0009839523750125958,30,30
calibration_iso_ece_15,uci_har,hist_gradient_boosting,20260912,-0.006325629036272999,30,30
calibration_iso_ece_15,uci_har,hist_gradient_boosting,20260913,-0.006325629036272999,30,30
calibration_iso_ece_15,uci_har,hist_gradient_boosting,20260914,-0.006325629036272999,30,30
calibration_iso_ece_15,uci_har,hist_gradient_boosting,20260915,-0.006325629036272999,30,30
calibration_iso_ece_15,uci_har,hist_gradient_boosting,20260916,-0.006325629036272999,30,30
calibration_iso_ece_15,uci_har,hist_gradient_boosting,20260917,-0.006325629036272999,30,30
calibration_iso_ece_15,uci_har,hist_gradient_boosting,20260918,-0.006325629036272999,30,30
calibration_iso_ece_15,uci_har,hist_gradient_boosting,20260919,0.0009839523750125958,30,30
calibration_iso_ece_15,uci_har,hist_gradient_boosting,20260920,-0.006325629036272999,30,30
calibration_iso_ece_15,uci_har,logistic,20260911,0.008672672079841544,30,30
calibration_iso_ece_15,uci_har,logistic,20260912,0.010527555983322992,30,30
calibration_iso_ece_15,uci_har,logistic,20260913,0.010527555983322992,30,30
calibration_iso_ece_15,uci_har,logistic,20260914,0.010527555983322992,30,30
calibration_iso_ece_15,uci_har,logistic,20260915,0.010527555983322992,30,30
calibration_iso_ece_15,uci_har,logistic,20260916,0.010527555983322992,30,30
calibration_iso_ece_15,uci_har,logistic,20260917,0.010527555983322992,30,30
calibration_iso_ece_15,uci_har,logistic,20260918,0.010527555983322992,30,30
calibration_iso_ece_15,uci_har,logistic,20260919,0.008672672079841544,30,30
calibration_iso_ece_15,uci_har,logistic,20260920,0.010527555983322992,30,30
calibration_iso_ece_15,uci_har,random_forest,20260911,-0.050550380276797584,30,30
calibration_iso_ece_15,uci_har,random_forest,20260912,-0.05503541847369997,30,30
calibration_iso_ece_15,uci_har,random_forest,20260913,-0.0502469382071622,30,30
calibration_iso_ece_15,uci_har,random_forest,20260914,-0.049208557417598615,30,30
calibration_iso_ece_15,uci_har,random_forest,20260915,-0.051209111012519216,30,30
calibration_iso_ece_15,uci_har,random_forest,20260916,-0.050462924083331424,30,30
calibration_iso_ece_15,uci_har,random_forest,20260917,-0.049233146197732676,30,30
calibration_iso_ece_15,uci_har,random_forest,20260918,-0.056803674685421704,30,30
calibration_iso_ece_15,uci_har,random_forest,20260919,-0.0526510231901438,30,30
calibration_iso_ece_15,uci_har,random_forest,20260920,-0.05398840319176086,30,30
calibration_iso_ece_15,wisdm_watch_accel,cnn1d,20260911,-0.003308662337026772,50,50
calibration_iso_ece_15,wisdm_watch_accel,cnn1d,20260912,0.0073256034089388584,50,50
calibration_iso_ece_15,wisdm_watch_accel,cnn1d,20260913,0.02233477409879617,50,50
calibration_iso_ece_15,wisdm_watch_accel,cnn1d,20260914,0.0009971198360187526,50,50
calibration_iso_ece_15,wisdm_watch_accel,cnn1d,20260915,-0.0017087494208701131,50,50
calibration_iso_ece_15,wisdm_watch_accel,cnn1d,20260916,-0.011436076344877377,50,50
calibration_iso_ece_15,wisdm_watch_accel,cnn1d,20260917,-0.0017487345531187885,50,50
calibration_iso_ece_15,wisdm_watch_accel,cnn1d,20260918,0.007903181429060735,50,50
calibration_iso_ece_15,wisdm_watch_accel,cnn1d,20260919,-0.0036676396230620107,50,50
calibration_iso_ece_15,wisdm_watch_accel,cnn1d,20260920,0.002623932610019504,50,50
calibration_iso_ece_15,wisdm_watch_accel,extra_trees,20260911,-0.025151026245659236,50,50
calibration_iso_ece_15,wisdm_watch_accel,extra_trees,20260912,-0.01999773316989101,50,50
calibration_iso_ece_15,wisdm_watch_accel,extra_trees,20260913,-0.0265100413984712,50,50
calibration_iso_ece_15,wisdm_watch_accel,extra_trees,20260914,-0.022020115968189605,50,50
calibration_iso_ece_15,wisdm_watch_accel,extra_trees,20260915,-0.019481199814152982,50,50
calibration_iso_ece_15,wisdm_watch_accel,extra_trees,20260916,-0.014348575045557746,50,50
calibration_iso_ece_15,wisdm_watch_accel,extra_trees,20260917,-0.018989587369861272,50,50
calibration_iso_ece_15,wisdm_watch_accel,extra_trees,20260918,-0.01350274861905197,50,50
calibration_iso_ece_15,wisdm_watch_accel,extra_trees,20260919,-0.02331753522391454,50,50
calibration_iso_ece_15,wisdm_watch_accel,extra_trees,20260920,-0.01899844675763984,50,50
calibration_iso_ece_15,wisdm_watch_accel,hist_gradient_boosting,20260911,-0.0761775450407944,50,50
calibration_iso_ece_15,wisdm_watch_accel,hist_gradient_boosting,20260912,-0.08361410638391926,50,50
calibration_iso_ece_15,wisdm_watch_accel,hist_gradient_boosting,20260913,-0.08273590927443093,50,50
calibration_iso_ece_15,wisdm_watch_accel,hist_gradient_boosting,20260914,-0.07350686585368611,50,50
calibration_iso_ece_15,wisdm_watch_accel,hist_gradient_boosting,20260915,-0.0844661113908233,50,50
calibration_iso_ece_15,wisdm_watch_accel,hist_gradient_boosting,20260916,-0.08039935425815413,50,50
calibration_iso_ece_15,wisdm_watch_accel,hist_gradient_boosting,20260917,-0.08054584202478185,50,50
calibration_iso_ece_15,wisdm_watch_accel,hist_gradient_boosting,20260918,-0.08882834287506057,50,50
calibration_iso_ece_15,wisdm_watch_accel,hist_gradient_boosting,20260919,-0.08705225486081272,50,50
calibration_iso_ece_15,wisdm_watch_accel,hist_gradient_boosting,20260920,-0.09163988174494402,50,50
calibration_iso_ece_15,wisdm_watch_accel,logistic,20260911,0.01708931612647767,50,50
calibration_iso_ece_15,wisdm_watch_accel,logistic,20260912,0.017713380642777447,50,50
calibration_iso_ece_15,wisdm_watch_accel,logistic,20260913,0.024191350081798967,50,50
calibration_iso_ece_15,wisdm_watch_accel,logistic,20260914,0.016430203825175772,50,50
calibration_iso_ece_15,wisdm_watch_accel,logistic,20260915,0.016639319878816096,50,50
calibration_iso_ece_15,wisdm_watch_accel,logistic,20260916,0.02649279374700785,50,50
calibration_iso_ece_15,wisdm_watch_accel,logistic,20260917,0.01947754108835553,50,50
calibration_iso_ece_15,wisdm_watch_accel,logistic,20260918,0.010752755294179872,50,50
calibration_iso_ece_15,wisdm_watch_accel,logistic,20260919,0.009454610177052774,50,50
calibration_iso_ece_15,wisdm_watch_accel,logistic,20260920,0.01881911714167285,50,50
calibration_iso_ece_15,wisdm_watch_accel,random_forest,20260911,-0.024223670759625393,50,50
calibration_iso_ece_15,wisdm_watch_accel,random_forest,20260912,-0.009826939347822026,50,50
calibration_iso_ece_15,wisdm_watch_accel,random_forest,20260913,-0.024000810852674522,50,50
calibration_iso_ece_15,wisdm_watch_accel,random_forest,20260914,-0.01788313039562881,50,50
calibration_iso_ece_15,wisdm_watch_accel,random_forest,20260915,-0.025075885968027248,50,50
calibration_iso_ece_15,wisdm_watch_accel,random_forest,20260916,-0.021271408628337776,50,50
calibration_iso_ece_15,wisdm_watch_accel,random_forest,20260917,-0.014179498011557955,50,50
calibration_iso_ece_15,wisdm_watch_accel,random_forest,20260918,-0.012966902189788023,50,50
calibration_iso_ece_15,wisdm_watch_accel,random_forest,20260919,-0.01915369439641558,50,50
calibration_iso_ece_15,wisdm_watch_accel,random_forest,20260920,-0.0154631538804751,50,50
calibration_iso_macro_f1,uci_har,cnn1d,20260911,-0.0013873689624535983,30,30
calibration_iso_macro_f1,uci_har,cnn1d,20260912,0.0048886521043963295,30,30
calibration_iso_macro_f1,uci_har,cnn1d,20260913,0.0010511568410123129,30,30
calibration_iso_macro_f1,uci_har,cnn1d,20260914,-0.01427726198963627,30,30
calibration_iso_macro_f1,uci_har,cnn1d,20260915,-0.006522891121108265,30,30
calibration_iso_macro_f1,uci_har,cnn1d,20260916,-0.00032160172014943366,30,30
calibration_iso_macro_f1,uci_har,cnn1d,20260917,-0.003678086439839612,30,30
calibration_iso_macro_f1,uci_har,cnn1d,20260918,0.0017169895054668038,30,30
calibration_iso_macro_f1,uci_har,cnn1d,20260919,-0.014246427029535642,30,30
calibration_iso_macro_f1,uci_har,cnn1d,20260920,-0.009330118166969685,30,30
calibration_iso_macro_f1,uci_har,extra_trees,20260911,0.00234815075945665,30,30
calibration_iso_macro_f1,uci_har,extra_trees,20260912,-0.0005607140566919911,30,30
calibration_iso_macro_f1,uci_har,extra_trees,20260913,-0.0014863724878240836,30,30
calibration_iso_macro_f1,uci_har,extra_trees,20260914,-0.0010084236163235617,30,30
calibration_iso_macro_f1,uci_har,extra_trees,20260915,0.0017360859543776308,30,30
calibration_iso_macro_f1,uci_har,extra_trees,20260916,9.632629479483512e-06,30,30
calibration_iso_macro_f1,uci_har,extra_trees,20260917,-0.0011273498029747272,30,30
calibration_iso_macro_f1,uci_har,extra_trees,20260918,-0.0003097166825552796,30,30
calibration_iso_macro_f1,uci_har,extra_trees,20260919,-0.0037445160766078254,30,30
calibration_iso_macro_f1,uci_har,extra_trees,20260920,-0.0006263163706976882,30,30
calibration_iso_macro_f1,uci_har,hist_gradient_boosting,20260911,-0.0057531557970040914,30,30
calibration_iso_macro_f1,uci_har,hist_gradient_boosting,20260912,-0.0001920429330101947,30,30
calibration_iso_macro_f1,uci_har,hist_gradient_boosting,20260913,-0.0001920429330101947,30,30
calibration_iso_macro_f1,uci_har,hist_gradient_boosting,20260914,-0.0001920429330101947,30,30
calibration_iso_macro_f1,uci_har,hist_gradient_boosting,20260915,-0.0001920429330101947,30,30
calibration_iso_macro_f1,uci_har,hist_gradient_boosting,20260916,-0.0001920429330101947,30,30
calibration_iso_macro_f1,uci_har,hist_gradient_boosting,20260917,-0.0001920429330101947,30,30
calibration_iso_macro_f1,uci_har,hist_gradient_boosting,20260918,-0.0001920429330101947,30,30
calibration_iso_macro_f1,uci_har,hist_gradient_boosting,20260919,-0.0057531557970040914,30,30
calibration_iso_macro_f1,uci_har,hist_gradient_boosting,20260920,-0.0001920429330101947,30,30
calibration_iso_macro_f1,uci_har,logistic,20260911,-0.005280327792901163,30,30
calibration_iso_macro_f1,uci_har,logistic,20260912,-0.006327510186608117,30,30
calibration_iso_macro_f1,uci_har,logistic,20260913,-0.006327510186608117,30,30
calibration_iso_macro_f1,uci_har,logistic,20260914,-0.006327510186608117,30,30
calibration_iso_macro_f1,uci_har,logistic,20260915,-0.006327510186608117,30,30
calibration_iso_macro_f1,uci_har,logistic,20260916,-0.006327510186608117,30,30
calibration_iso_macro_f1,uci_har,logistic,20260917,-0.006327510186608117,30,30
calibration_iso_macro_f1,uci_har,logistic,20260918,-0.006327510186608117,30,30
calibration_iso_macro_f1,uci_har,logistic,20260919,-0.005280327792901163,30,30
calibration_iso_macro_f1,uci_har,logistic,20260920,-0.006327510186608117,30,30
calibration_iso_macro_f1,uci_har,random_forest,20260911,-0.0029064042563168857,30,30
calibration_iso_macro_f1,uci_har,random_forest,20260912,-0.006588327492686075,30,30
calibration_iso_macro_f1,uci_har,random_forest,20260913,-0.00697519830609035,30,30
calibration_iso_macro_f1,uci_har,random_forest,20260914,-0.006069986006451204,30,30
calibration_iso_macro_f1,uci_har,random_forest,20260915,-0.007802045335596471,30,30
calibration_iso_macro_f1,uci_har,random_forest,20260916,-0.006137144024818149,30,30
calibration_iso_macro_f1,uci_har,random_forest,20260917,-0.006559214091106243,30,30
calibration_iso_macro_f1,uci_har,random_forest,20260918,-0.0055544427398582456,30,30
calibration_iso_macro_f1,uci_har,random_forest,20260919,-0.006138741892035541,30,30
calibration_iso_macro_f1,uci_har,random_forest,20260920,-0.006407533051632408,30,30
calibration_iso_macro_f1,wisdm_watch_accel,cnn1d,20260911,0.017876984601526424,50,50
calibration_iso_macro_f1,wisdm_watch_accel,cnn1d,20260912,0.0080223775842701,50,50
calibration_iso_macro_f1,wisdm_watch_accel,cnn1d,20260913,0.007541701712500686,50,50
calibration_iso_macro_f1,wisdm_watch_accel,cnn1d,20260914,0.022492920204963057,50,50
calibration_iso_macro_f1,wisdm_watch_accel,cnn1d,20260915,0.016723643222611162,50,50
calibration_iso_macro_f1,wisdm_watch_accel,cnn1d,20260916,-0.003901628735644359,50,50
calibration_iso_macro_f1,wisdm_watch_accel,cnn1d,20260917,0.005631763913917185,50,50
calibration_iso_macro_f1,wisdm_watch_accel,cnn1d,20260918,0.022474223322139816,50,50
calibration_iso_macro_f1,wisdm_watch_accel,cnn1d,20260919,0.018054620116168468,50,50
calibration_iso_macro_f1,wisdm_watch_accel,cnn1d,20260920,-0.0020272575803319016,50,50
calibration_iso_macro_f1,wisdm_watch_accel,extra_trees,20260911,-0.010093484367407368,50,50
calibration_iso_macro_f1,wisdm_watch_accel,extra_trees,20260912,-0.006982049758390515,50,50
calibration_iso_macro_f1,wisdm_watch_accel,extra_trees,20260913,-0.006521789367978385,50,50
calibration_iso_macro_f1,wisdm_watch_accel,extra_trees,20260914,-0.013571260400628862,50,50
calibration_iso_macro_f1,wisdm_watch_accel,extra_trees,20260915,-0.015097681067197808,50,50
calibration_iso_macro_f1,wisdm_watch_accel,extra_trees,20260916,-0.013122024511194789,50,50
calibration_iso_macro_f1,wisdm_watch_accel,extra_trees,20260917,-0.00906040353214557,50,50
calibration_iso_macro_f1,wisdm_watch_accel,extra_trees,20260918,-0.005230276210536551,50,50
calibration_iso_macro_f1,wisdm_watch_accel,extra_trees,20260919,-0.0057254649218181665,50,50
calibration_iso_macro_f1,wisdm_watch_accel,extra_trees,20260920,-0.009611589923670519,50,50
calibration_iso_macro_f1,wisdm_watch_accel,hist_gradient_boosting,20260911,-0.005379972709879948,50,50
calibration_iso_macro_f1,wisdm_watch_accel,hist_gradient_boosting,20260912,-0.0038618786191221338,50,50
calibration_iso_macro_f1,wisdm_watch_accel,hist_gradient_boosting,20260913,-0.002962458812001596,50,50
calibration_iso_macro_f1,wisdm_watch_accel,hist_gradient_boosting,20260914,-0.0038616169786248287,50,50
calibration_iso_macro_f1,wisdm_watch_accel,hist_gradient_boosting,20260915,-0.002291211172075468,50,50
calibration_iso_macro_f1,wisdm_watch_accel,hist_gradient_boosting,20260916,-0.007247041625913403,50,50
calibration_iso_macro_f1,wisdm_watch_accel,hist_gradient_boosting,20260917,-0.006442578558211447,50,50
calibration_iso_macro_f1,wisdm_watch_accel,hist_gradient_boosting,20260918,-0.00516301984812403,50,50
calibration_iso_macro_f1,wisdm_watch_accel,hist_gradient_boosting,20260919,-0.006313457823396406,50,50
calibration_iso_macro_f1,wisdm_watch_accel,hist_gradient_boosting,20260920,-0.0023695439696719083,50,50
calibration_iso_macro_f1,wisdm_watch_accel,logistic,20260911,-0.012468643189717219,50,50
calibration_iso_macro_f1,wisdm_watch_accel,logistic,20260912,-0.012725494182989466,50,50
calibration_iso_macro_f1,wisdm_watch_accel,logistic,20260913,-0.00660917448645113,50,50
calibration_iso_macro_f1,wisdm_watch_accel,logistic,20260914,-0.007839330757992449,50,50
calibration_iso_macro_f1,wisdm_watch_accel,logistic,20260915,-0.010287801979057482,50,50
calibration_iso_macro_f1,wisdm_watch_accel,logistic,20260916,-0.007733160427711977,50,50
calibration_iso_macro_f1,wisdm_watch_accel,logistic,20260917,-0.016143764387995013,50,50
calibration_iso_macro_f1,wisdm_watch_accel,logistic,20260918,-0.012142585082865955,50,50
calibration_iso_macro_f1,wisdm_watch_accel,logistic,20260919,-0.01031280738162455,50,50
calibration_iso_macro_f1,wisdm_watch_accel,logistic,20260920,-0.012168985975790605,50,50
calibration_iso_macro_f1,wisdm_watch_accel,random_forest,20260911,-0.013915145778892102,50,50
calibration_iso_macro_f1,wisdm_watch_accel,random_forest,20260912,-0.014319561250628028,50,50
calibration_iso_macro_f1,wisdm_watch_accel,random_forest,20260913,-0.009975581449012318,50,50
calibration_iso_macro_f1,wisdm_watch_accel,random_forest,20260914,-0.015293002696962252,50,50
calibration_iso_macro_f1,wisdm_watch_accel,random_forest,20260915,-0.011431265244782456,50,50
calibration_iso_macro_f1,wisdm_watch_accel,random_forest,20260916,-0.013532304209803172,50,50
calibration_iso_macro_f1,wisdm_watch_accel,random_forest,20260917,-0.006638620235198472,50,50
calibration_iso_macro_f1,wisdm_watch_accel,random_forest,20260918,-0.0026485605443992565,50,50
calibration_iso_macro_f1,wisdm_watch_accel,random_forest,20260919,-0.0036455814953493234,50,50
calibration_iso_macro_f1,wisdm_watch_accel,random_forest,20260920,-0.009315019561816629,50,50
calibration_temp_brier,uci_har,cnn1d,20260911,0.003908735504882436,30,30
calibration_temp_brier,uci_har,cnn1d,20260912,0.001357007703985082,30,30
calibration_temp_brier,uci_har,cnn1d,20260913,0.0038347170540581612,30,30
calibration_temp_brier,uci_har,cnn1d,20260914,0.0018850413460465014,30,30
calibration_temp_brier,uci_har,cnn1d,20260915,0.003818938014337851,30,30
calibration_temp_brier,uci_har,cnn1d,20260916,0.007439187722488306,30,30
calibration_temp_brier,uci_har,cnn1d,20260917,0.006671562632333047,30,30
calibration_temp_brier,uci_har,cnn1d,20260918,0.005294354977005914,30,30
calibration_temp_brier,uci_har,cnn1d,20260919,0.003504183439604561,30,30
calibration_temp_brier,uci_har,cnn1d,20260920,-0.0027729148950582988,30,30
calibration_temp_brier,uci_har,extra_trees,20260911,-0.04093274064294397,30,30
calibration_temp_brier,uci_har,extra_trees,20260912,-0.042893488299258806,30,30
calibration_temp_brier,uci_har,extra_trees,20260913,-0.04267495322346818,30,30
calibration_temp_brier,uci_har,extra_trees,20260914,-0.04279247244923689,30,30
calibration_temp_brier,uci_har,extra_trees,20260915,-0.042085224632613195,30,30
calibration_temp_brier,uci_har,extra_trees,20260916,-0.042109059879477224,30,30
calibration_temp_brier,uci_har,extra_trees,20260917,-0.043164734880916794,30,30
calibration_temp_brier,uci_har,extra_trees,20260918,-0.04267271136876464,30,30
calibration_temp_brier,uci_har,extra_trees,20260919,-0.04096130720477444,30,30
calibration_temp_brier,uci_har,extra_trees,20260920,-0.04153681334384163,30,30
calibration_temp_brier,uci_har,hist_gradient_boosting,20260911,-0.007621339769761509,30,30
calibration_temp_brier,uci_har,hist_gradient_boosting,20260912,-0.009855987133214035,30,30
calibration_temp_brier,uci_har,hist_gradient_boosting,20260913,-0.009855987133214035,30,30
calibration_temp_brier,uci_har,hist_gradient_boosting,20260914,-0.009855987133214035,30,30
calibration_temp_brier,uci_har,hist_gradient_boosting,20260915,-0.009855987133214035,30,30
calibration_temp_brier,uci_har,hist_gradient_boosting,20260916,-0.009855987133214035,30,30
calibration_temp_brier,uci_har,hist_gradient_boosting,20260917,-0.009855987133214035,30,30
calibration_temp_brier,uci_har,hist_gradient_boosting,20260918,-0.009855987133214035,30,30
calibration_temp_brier,uci_har,hist_gradient_boosting,20260919,-0.007621339769761509,30,30
calibration_temp_brier,uci_har,hist_gradient_boosting,20260920,-0.009855987133214035,30,30
calibration_temp_brier,uci_har,logistic,20260911,-0.0001856371523294254,30,30
calibration_temp_brier,uci_har,logistic,20260912,0.0010820854519803602,30,30
calibration_temp_brier,uci_har,logistic,20260913,0.0010820854519803602,30,30
calibration_temp_brier,uci_har,logistic,20260914,0.0010820854519803602,30,30
calibration_temp_brier,uci_har,logistic,20260915,0.0010820854519803602,30,30
calibration_temp_brier,uci_har,logistic,20260916,0.0010820854519803602,30,30
calibration_temp_brier,uci_har,logistic,20260917,0.0010820854519803602,30,30
calibration_temp_brier,uci_har,logistic,20260918,0.0010820854519803602,30,30
calibration_temp_brier,uci_har,logistic,20260919,-0.0001856371523294254,30,30
calibration_temp_brier,uci_har,logistic,20260920,0.0010820854519803602,30,30
calibration_temp_brier,uci_har,random_forest,20260911,-0.02154940352899452,30,30
calibration_temp_brier,uci_har,random_forest,20260912,-0.021695506470720997,30,30
calibration_temp_brier,uci_har,random_forest,20260913,-0.020367510215351315,30,30
calibration_temp_brier,uci_har,random_forest,20260914,-0.020698843936404927,30,30
calibration_temp_brier,uci_har,random_forest,20260915,-0.020219508327491316,30,30
calibration_temp_brier,uci_har,random_forest,20260916,-0.020945900182172565,30,30
calibration_temp_brier,uci_har,random_forest,20260917,-0.021211583088544938,30,30
calibration_temp_brier,uci_har,random_forest,20260918,-0.02247863456123814,30,30
calibration_temp_brier,uci_har,random_forest,20260919,-0.020668662365191104,30,30
calibration_temp_brier,uci_har,random_forest,20260920,-0.020709665523361346,30,30
calibration_temp_brier,wisdm_watch_accel,cnn1d,20260911,0.021947094701616317,50,50
calibration_temp_brier,wisdm_watch_accel,cnn1d,20260912,0.027784676572712795,50,50
calibration_temp_brier,wisdm_watch_accel,cnn1d,20260913,0.037558963514063355,50,50
calibration_temp_brier,wisdm_watch_accel,cnn1d,20260914,0.014388940593330082,50,50
calibration_temp_brier,wisdm_watch_accel,cnn1d,20260915,0.01877125906512081,50,50
calibration_temp_brier,wisdm_watch_accel,cnn1d,20260916,0.016270177835812465,50,50
calibration_temp_brier,wisdm_watch_accel,cnn1d,20260917,0.020194449975400697,50,50
calibration_temp_brier,wisdm_watch_accel,cnn1d,20260918,0.03619900498191132,50,50
calibration_temp_brier,wisdm_watch_accel,cnn1d,20260919,0.02736228459120837,50,50
calibration_temp_brier,wisdm_watch_accel,cnn1d,20260920,0.03009157988266991,50,50
calibration_temp_brier,wisdm_watch_accel,extra_trees,20260911,0.06619982497782127,50,50
calibration_temp_brier,wisdm_watch_accel,extra_trees,20260912,0.08053475430685599,50,50
calibration_temp_brier,wisdm_watch_accel,extra_trees,20260913,0.09436091387676489,50,50
calibration_temp_brier,wisdm_watch_accel,extra_trees,20260914,0.08179525589469705,50,50
calibration_temp_brier,wisdm_watch_accel,extra_trees,20260915,0.08249786982671654,50,50
calibration_temp_brier,wisdm_watch_accel,extra_trees,20260916,0.09268159716028525,50,50
calibration_temp_brier,wisdm_watch_accel,extra_trees,20260917,0.08982527797383354,50,50
calibration_temp_brier,wisdm_watch_accel,extra_trees,20260918,0.07631441508083592,50,50
calibration_temp_brier,wisdm_watch_accel,extra_trees,20260919,0.055766545204640645,50,50
calibration_temp_brier,wisdm_watch_accel,extra_trees,20260920,0.06940026066974876,50,50
calibration_temp_brier,wisdm_watch_accel,hist_gradient_boosting,20260911,-0.04536022605453431,50,50
calibration_temp_brier,wisdm_watch_accel,hist_gradient_boosting,20260912,-0.0484423049470427,50,50
calibration_temp_brier,wisdm_watch_accel,hist_gradient_boosting,20260913,-0.047326624134726,50,50
calibration_temp_brier,wisdm_watch_accel,hist_gradient_boosting,20260914,-0.04992212270167534,50,50
calibration_temp_brier,wisdm_watch_accel,hist_gradient_boosting,20260915,-0.04941864042101208,50,50
calibration_temp_brier,wisdm_watch_accel,hist_gradient_boosting,20260916,-0.05107268383833977,50,50
calibration_temp_brier,wisdm_watch_accel,hist_gradient_boosting,20260917,-0.04646213239401761,50,50
calibration_temp_brier,wisdm_watch_accel,hist_gradient_boosting,20260918,-0.0483666397080078,50,50
calibration_temp_brier,wisdm_watch_accel,hist_gradient_boosting,20260919,-0.05180673834486104,50,50
calibration_temp_brier,wisdm_watch_accel,hist_gradient_boosting,20260920,-0.05534615214286507,50,50
calibration_temp_brier,wisdm_watch_accel,logistic,20260911,0.04472789829638879,50,50
calibration_temp_brier,wisdm_watch_accel,logistic,20260912,0.04303266854720236,50,50
calibration_temp_brier,wisdm_watch_accel,logistic,20260913,0.04359602266766599,50,50
calibration_temp_brier,wisdm_watch_accel,logistic,20260914,0.039112036147646335,50,50
calibration_temp_brier,wisdm_watch_accel,logistic,20260915,0.04085755051518207,50,50
calibration_temp_brier,wisdm_watch_accel,logistic,20260916,0.06333640603606028,50,50
calibration_temp_brier,wisdm_watch_accel,logistic,20260917,0.06108266879465882,50,50
calibration_temp_brier,wisdm_watch_accel,logistic,20260918,0.048013668404767895,50,50
calibration_temp_brier,wisdm_watch_accel,logistic,20260919,0.03905936150121659,50,50
calibration_temp_brier,wisdm_watch_accel,logistic,20260920,0.05884038170485763,50,50
calibration_temp_brier,wisdm_watch_accel,random_forest,20260911,0.06645804296175492,50,50
calibration_temp_brier,wisdm_watch_accel,random_forest,20260912,0.07456820863402422,50,50
calibration_temp_brier,wisdm_watch_accel,random_forest,20260913,0.0844449042450766,50,50
calibration_temp_brier,wisdm_watch_accel,random_forest,20260914,0.08665489342776912,50,50
calibration_temp_brier,wisdm_watch_accel,random_forest,20260915,0.07764390597842502,50,50
calibration_temp_brier,wisdm_watch_accel,random_forest,20260916,0.07252460236500212,50,50
calibration_temp_brier,wisdm_watch_accel,random_forest,20260917,0.059043236265802726,50,50
calibration_temp_brier,wisdm_watch_accel,random_forest,20260918,0.08144063555971791,50,50
calibration_temp_brier,wisdm_watch_accel,random_forest,20260919,0.08004157462165643,50,50
calibration_temp_brier,wisdm_watch_accel,random_forest,20260920,0.06892338884947537,50,50
calibration_temp_ece_15,uci_har,cnn1d,20260911,0.012292576403423468,30,30
calibration_temp_ece_15,uci_har,cnn1d,20260912,0.00848086659121226,30,30
calibration_temp_ece_15,uci_har,cnn1d,20260913,0.011146180024701328,30,30
calibration_temp_ece_15,uci_har,cnn1d,20260914,0.01036930236807026,30,30
calibration_temp_ece_15,uci_har,cnn1d,20260915,0.012718738466708958,30,30
calibration_temp_ece_15,uci_har,cnn1d,20260916,0.017588409868343965,30,30
calibration_temp_ece_15,uci_har,cnn1d,20260917,0.021547777658827826,30,30
calibration_temp_ece_15,uci_har,cnn1d,20260918,0.01853595577542772,30,30
calibration_temp_ece_15,uci_har,cnn1d,20260919,0.009674923547736004,30,30
calibration_temp_ece_15,uci_har,cnn1d,20260920,0.0043085523510471395,30,30
calibration_temp_ece_15,uci_har,extra_trees,20260911,-0.10251221681018165,30,30
calibration_temp_ece_15,uci_har,extra_trees,20260912,-0.10474149413794367,30,30
calibration_temp_ece_15,uci_har,extra_trees,20260913,-0.10619608205337006,30,30
calibration_temp_ece_15,uci_har,extra_trees,20260914,-0.10749473858680056,30,30
calibration_temp_ece_15,uci_har,extra_trees,20260915,-0.10346449576437809,30,30
calibration_temp_ece_15,uci_har,extra_trees,20260916,-0.10310672342097195,30,30
calibration_temp_ece_15,uci_har,extra_trees,20260917,-0.10441365832120603,30,30
calibration_temp_ece_15,uci_har,extra_trees,20260918,-0.10486563499237163,30,30
calibration_temp_ece_15,uci_har,extra_trees,20260919,-0.10296738697836035,30,30
calibration_temp_ece_15,uci_har,extra_trees,20260920,-0.1026798168591758,30,30
calibration_temp_ece_15,uci_har,hist_gradient_boosting,20260911,0.0018731756688866654,30,30
calibration_temp_ece_15,uci_har,hist_gradient_boosting,20260912,-0.003503533344501628,30,30
calibration_temp_ece_15,uci_har,hist_gradient_boosting,20260913,-0.003503533344501628,30,30
calibration_temp_ece_15,uci_har,hist_gradient_boosting,20260914,-0.003503533344501628,30,30
calibration_temp_ece_15,uci_har,hist_gradient_boosting,20260915,-0.003503533344501628,30,30
calibration_temp_ece_15,uci_har,hist_gradient_boosting,20260916,-0.003503533344501628,30,30
calibration_temp_ece_15,uci_har,hist_gradient_boosting,20260917,-0.003503533344501628,30,30
calibration_temp_ece_15,uci_har,hist_gradient_boosting,20260918,-0.003503533344501628,30,30
calibration_temp_ece_15,uci_har,hist_gradient_boosting,20260919,0.0018731756688866654,30,30
calibration_temp_ece_15,uci_har,hist_gradient_boosting,20260920,-0.003503533344501628,30,30
calibration_temp_ece_15,uci_har,logistic,20260911,0.007138547006449054,30,30
calibration_temp_ece_15,uci_har,logistic,20260912,0.011215035217454738,30,30
calibration_temp_ece_15,uci_har,logistic,20260913,0.011215035217454738,30,30
calibration_temp_ece_15,uci_har,logistic,20260914,0.011215035217454738,30,30
calibration_temp_ece_15,uci_har,logistic,20260915,0.011215035217454738,30,30
calibration_temp_ece_15,uci_har,logistic,20260916,0.011215035217454738,30,30
calibration_temp_ece_15,uci_har,logistic,20260917,0.011215035217454738,30,30
calibration_temp_ece_15,uci_har,logistic,20260918,0.011215035217454738,30,30
calibration_temp_ece_15,uci_har,logistic,20260919,0.007138547006449054,30,30
calibration_temp_ece_15,uci_har,logistic,20260920,0.011215035217454738,30,30
calibration_temp_ece_15,uci_har,random_forest,20260911,-0.06115074541683385,30,30
calibration_temp_ece_15,uci_har,random_forest,20260912,-0.06304139399388424,30,30
calibration_temp_ece_15,uci_har,random_forest,20260913,-0.05923828110106948,30,30
calibration_temp_ece_15,uci_har,random_forest,20260914,-0.06012553783020128,30,30
calibration_temp_ece_15,uci_har,random_forest,20260915,-0.06005695892301307,30,30
calibration_temp_ece_15,uci_har,random_forest,20260916,-0.059347015543473804,30,30
calibration_temp_ece_15,uci_har,random_forest,20260917,-0.059442672823550285,30,30
calibration_temp_ece_15,uci_har,random_forest,20260918,-0.06353417837661698,30,30
calibration_temp_ece_15,uci_har,random_forest,20260919,-0.06193506297540073,30,30
calibration_temp_ece_15,uci_har,random_forest,20260920,-0.0604034811712412,30,30
calibration_temp_ece_15,wisdm_watch_accel,cnn1d,20260911,0.03373751316885138,50,50
calibration_temp_ece_15,wisdm_watch_accel,cnn1d,20260912,0.045234924129891683,50,50
calibration_temp_ece_15,wisdm_watch_accel,cnn1d,20260913,0.06605033713359305,50,50
calibration_temp_ece_15,wisdm_watch_accel,cnn1d,20260914,0.022711704661462346,50,50
calibration_temp_ece_15,wisdm_watch_accel,cnn1d,20260915,0.027379169738710452,50,50
calibration_temp_ece_15,wisdm_watch_accel,cnn1d,20260916,0.03680620888134031,50,50
calibration_temp_ece_15,wisdm_watch_accel,cnn1d,20260917,0.03736732353092512,50,50
calibration_temp_ece_15,wisdm_watch_accel,cnn1d,20260918,0.06047205391384791,50,50
calibration_temp_ece_15,wisdm_watch_accel,cnn1d,20260919,0.043156087483266076,50,50
calibration_temp_ece_15,wisdm_watch_accel,cnn1d,20260920,0.05784676088092994,50,50
calibration_temp_ece_15,wisdm_watch_accel,extra_trees,20260911,0.07120736017101537,50,50
calibration_temp_ece_15,wisdm_watch_accel,extra_trees,20260912,0.09023938109026078,50,50
calibration_temp_ece_15,wisdm_watch_accel,extra_trees,20260913,0.1011979260913793,50,50
calibration_temp_ece_15,wisdm_watch_accel,extra_trees,20260914,0.09565591024054125,50,50
calibration_temp_ece_15,wisdm_watch_accel,extra_trees,20260915,0.0932502083827748,50,50
calibration_temp_ece_15,wisdm_watch_accel,extra_trees,20260916,0.09822491086697743,50,50
calibration_temp_ece_15,wisdm_watch_accel,extra_trees,20260917,0.09686737570456815,50,50
calibration_temp_ece_15,wisdm_watch_accel,extra_trees,20260918,0.08382991666376306,50,50
calibration_temp_ece_15,wisdm_watch_accel,extra_trees,20260919,0.06196974848099728,50,50
calibration_temp_ece_15,wisdm_watch_accel,extra_trees,20260920,0.08050693877705115,50,50
calibration_temp_ece_15,wisdm_watch_accel,hist_gradient_boosting,20260911,-0.05701354281493697,50,50
calibration_temp_ece_15,wisdm_watch_accel,hist_gradient_boosting,20260912,-0.0612682266031799,50,50
calibration_temp_ece_15,wisdm_watch_accel,hist_gradient_boosting,20260913,-0.05865859510423532,50,50
calibration_temp_ece_15,wisdm_watch_accel,hist_gradient_boosting,20260914,-0.05753492885904212,50,50
calibration_temp_ece_15,wisdm_watch_accel,hist_gradient_boosting,20260915,-0.06411196090767507,50,50
calibration_temp_ece_15,wisdm_watch_accel,hist_gradient_boosting,20260916,-0.06823387983726072,50,50
calibration_temp_ece_15,wisdm_watch_accel,hist_gradient_boosting,20260917,-0.05985994677959554,50,50
calibration_temp_ece_15,wisdm_watch_accel,hist_gradient_boosting,20260918,-0.058191645936279526,50,50
calibration_temp_ece_15,wisdm_watch_accel,hist_gradient_boosting,20260919,-0.06426745747999901,50,50
calibration_temp_ece_15,wisdm_watch_accel,hist_gradient_boosting,20260920,-0.06420000861576346,50,50
calibration_temp_ece_15,wisdm_watch_accel,logistic,20260911,0.08282866462954791,50,50
calibration_temp_ece_15,wisdm_watch_accel,logistic,20260912,0.07953619051446606,50,50
calibration_temp_ece_15,wisdm_watch_accel,logistic,20260913,0.08207306800078744,50,50
calibration_temp_ece_15,wisdm_watch_accel,logistic,20260914,0.07658252302059927,50,50
calibration_temp_ece_15,wisdm_watch_accel,logistic,20260915,0.08034311327712418,50,50
calibration_temp_ece_15,wisdm_watch_accel,logistic,20260916,0.11348460427479838,50,50
calibration_temp_ece_15,wisdm_watch_accel,logistic,20260917,0.10815933725138815,50,50
calibration_temp_ece_15,wisdm_watch_accel,logistic,20260918,0.09425621631449653,50,50
calibration_temp_ece_15,wisdm_watch_accel,logistic,20260919,0.06869987299516032,50,50
calibration_temp_ece_15,wisdm_watch_accel,logistic,20260920,0.11886819157741865,50,50
calibration_temp_ece_15,wisdm_watch_accel,random_forest,20260911,0.07215655845671866,50,50
calibration_temp_ece_15,wisdm_watch_accel,random_forest,20260912,0.0879655538672407,50,50
calibration_temp_ece_15,wisdm_watch_accel,random_forest,20260913,0.09511335910065136,50,50
calibration_temp_ece_15,wisdm_watch_accel,random_forest,20260914,0.09941105582617205,50,50
calibration_temp_ece_15,wisdm_watch_accel,random_forest,20260915,0.08900767307722827,50,50
calibration_temp_ece_15,wisdm_watch_accel,random_forest,20260916,0.0855973390898373,50,50
calibration_temp_ece_15,wisdm_watch_accel,random_forest,20260917,0.07128995285527524,50,50
calibration_temp_ece_15,wisdm_watch_accel,random_forest,20260918,0.09577387268651048,50,50
calibration_temp_ece_15,wisdm_watch_accel,random_forest,20260919,0.08835401738493082,50,50
calibration_temp_ece_15,wisdm_watch_accel,random_forest,20260920,0.0841862444030135,50,50
calibration_temp_macro_f1,uci_har,cnn1d,20260911,0.0,30,30
calibration_temp_macro_f1,uci_har,cnn1d,20260912,0.0,30,30
calibration_temp_macro_f1,uci_har,cnn1d,20260913,0.0,30,30
calibration_temp_macro_f1,uci_har,cnn1d,20260914,0.0,30,30
calibration_temp_macro_f1,uci_har,cnn1d,20260915,0.0,30,30
calibration_temp_macro_f1,uci_har,cnn1d,20260916,0.0,30,30
calibration_temp_macro_f1,uci_har,cnn1d,20260917,0.0,30,30
calibration_temp_macro_f1,uci_har,cnn1d,20260918,0.0,30,30
calibration_temp_macro_f1,uci_har,cnn1d,20260919,0.0,30,30
calibration_temp_macro_f1,uci_har,cnn1d,20260920,0.0,30,30
calibration_temp_macro_f1,uci_har,extra_trees,20260911,0.0,30,30
calibration_temp_macro_f1,uci_har,extra_trees,20260912,0.0,30,30
calibration_temp_macro_f1,uci_har,extra_trees,20260913,0.0,30,30
calibration_temp_macro_f1,uci_har,extra_trees,20260914,0.0,30,30
calibration_temp_macro_f1,uci_har,extra_trees,20260915,0.0,30,30
calibration_temp_macro_f1,uci_har,extra_trees,20260916,0.0,30,30
calibration_temp_macro_f1,uci_har,extra_trees,20260917,0.0,30,30
calibration_temp_macro_f1,uci_har,extra_trees,20260918,0.0,30,30
calibration_temp_macro_f1,uci_har,extra_trees,20260919,0.0,30,30
calibration_temp_macro_f1,uci_har,extra_trees,20260920,0.0,30,30
calibration_temp_macro_f1,uci_har,hist_gradient_boosting,20260911,0.0,30,30
calibration_temp_macro_f1,uci_har,hist_gradient_boosting,20260912,0.0,30,30
calibration_temp_macro_f1,uci_har,hist_gradient_boosting,20260913,0.0,30,30
calibration_temp_macro_f1,uci_har,hist_gradient_boosting,20260914,0.0,30,30
calibration_temp_macro_f1,uci_har,hist_gradient_boosting,20260915,0.0,30,30
calibration_temp_macro_f1,uci_har,hist_gradient_boosting,20260916,0.0,30,30
calibration_temp_macro_f1,uci_har,hist_gradient_boosting,20260917,0.0,30,30
calibration_temp_macro_f1,uci_har,hist_gradient_boosting,20260918,0.0,30,30
calibration_temp_macro_f1,uci_har,hist_gradient_boosting,20260919,0.0,30,30
calibration_temp_macro_f1,uci_har,hist_gradient_boosting,20260920,0.0,30,30
calibration_temp_macro_f1,uci_har,logistic,20260911,0.0,30,30
calibration_temp_macro_f1,uci_har,logistic,20260912,0.0,30,30
calibration_temp_macro_f1,uci_har,logistic,20260913,0.0,30,30
calibration_temp_macro_f1,uci_har,logistic,20260914,0.0,30,30
calibration_temp_macro_f1,uci_har,logistic,20260915,0.0,30,30
calibration_temp_macro_f1,uci_har,logistic,20260916,0.0,30,30
calibration_temp_macro_f1,uci_har,logistic,20260917,0.0,30,30
calibration_temp_macro_f1,uci_har,logistic,20260918,0.0,30,30
calibration_temp_macro_f1,uci_har,logistic,20260919,0.0,30,30
calibration_temp_macro_f1,uci_har,logistic,20260920,0.0,30,30
calibration_temp_macro_f1,uci_har,random_forest,20260911,0.0,30,30
calibration_temp_macro_f1,uci_har,random_forest,20260912,0.0,30,30
calibration_temp_macro_f1,uci_har,random_forest,20260913,0.0,30,30
calibration_temp_macro_f1,uci_har,random_forest,20260914,0.0,30,30
calibration_temp_macro_f1,uci_har,random_forest,20260915,0.0,30,30
calibration_temp_macro_f1,uci_har,random_forest,20260916,0.0,30,30
calibration_temp_macro_f1,uci_har,random_forest,20260917,0.0,30,30
calibration_temp_macro_f1,uci_har,random_forest,20260918,0.0,30,30
calibration_temp_macro_f1,uci_har,random_forest,20260919,0.0,30,30
calibration_temp_macro_f1,uci_har,random_forest,20260920,0.0,30,30
calibration_temp_macro_f1,wisdm_watch_accel,cnn1d,20260911,0.0,50,50
calibration_temp_macro_f1,wisdm_watch_accel,cnn1d,20260912,0.0,50,50
calibration_temp_macro_f1,wisdm_watch_accel,cnn1d,20260913,0.0,50,50
calibration_temp_macro_f1,wisdm_watch_accel,cnn1d,20260914,0.0,50,50
calibration_temp_macro_f1,wisdm_watch_accel,cnn1d,20260915,0.0,50,50
calibration_temp_macro_f1,wisdm_watch_accel,cnn1d,20260916,0.0,50,50
calibration_temp_macro_f1,wisdm_watch_accel,cnn1d,20260917,0.0,50,50
calibration_temp_macro_f1,wisdm_watch_accel,cnn1d,20260918,0.0,50,50
calibration_temp_macro_f1,wisdm_watch_accel,cnn1d,20260919,0.0,50,50
calibration_temp_macro_f1,wisdm_watch_accel,cnn1d,20260920,0.0,50,50
calibration_temp_macro_f1,wisdm_watch_accel,extra_trees,20260911,0.0,50,50
calibration_temp_macro_f1,wisdm_watch_accel,extra_trees,20260912,0.0,50,50
calibration_temp_macro_f1,wisdm_watch_accel,extra_trees,20260913,0.0,50,50
calibration_temp_macro_f1,wisdm_watch_accel,extra_trees,20260914,0.0,50,50
calibration_temp_macro_f1,wisdm_watch_accel,extra_trees,20260915,0.0,50,50
calibration_temp_macro_f1,wisdm_watch_accel,extra_trees,20260916,0.0,50,50
calibration_temp_macro_f1,wisdm_watch_accel,extra_trees,20260917,0.0,50,50
calibration_temp_macro_f1,wisdm_watch_accel,extra_trees,20260918,0.0,50,50
calibration_temp_macro_f1,wisdm_watch_accel,extra_trees,20260919,0.0,50,50
calibration_temp_macro_f1,wisdm_watch_accel,extra_trees,20260920,0.0,50,50
calibration_temp_macro_f1,wisdm_watch_accel,hist_gradient_boosting,20260911,0.0,50,50
calibration_temp_macro_f1,wisdm_watch_accel,hist_gradient_boosting,20260912,0.0,50,50
calibration_temp_macro_f1,wisdm_watch_accel,hist_gradient_boosting,20260913,0.0,50,50
calibration_temp_macro_f1,wisdm_watch_accel,hist_gradient_boosting,20260914,0.0,50,50
calibration_temp_macro_f1,wisdm_watch_accel,hist_gradient_boosting,20260915,0.0,50,50
calibration_temp_macro_f1,wisdm_watch_accel,hist_gradient_boosting,20260916,0.0,50,50
calibration_temp_macro_f1,wisdm_watch_accel,hist_gradient_boosting,20260917,0.0,50,50
calibration_temp_macro_f1,wisdm_watch_accel,hist_gradient_boosting,20260918,0.0,50,50
calibration_temp_macro_f1,wisdm_watch_accel,hist_gradient_boosting,20260919,0.0,50,50
calibration_temp_macro_f1,wisdm_watch_accel,hist_gradient_boosting,20260920,0.0,50,50
calibration_temp_macro_f1,wisdm_watch_accel,logistic,20260911,0.0,50,50
calibration_temp_macro_f1,wisdm_watch_accel,logistic,20260912,0.0,50,50
calibration_temp_macro_f1,wisdm_watch_accel,logistic,20260913,0.0,50,50
calibration_temp_macro_f1,wisdm_watch_accel,logistic,20260914,0.0,50,50
calibration_temp_macro_f1,wisdm_watch_accel,logistic,20260915,0.0,50,50
calibration_temp_macro_f1,wisdm_watch_accel,logistic,20260916,0.0,50,50
calibration_temp_macro_f1,wisdm_watch_accel,logistic,20260917,0.0,50,50
calibration_temp_macro_f1,wisdm_watch_accel,logistic,20260918,0.0,50,50
calibration_temp_macro_f1,wisdm_watch_accel,logistic,20260919,0.0,50,50
calibration_temp_macro_f1,wisdm_watch_accel,logistic,20260920,0.0,50,50
calibration_temp_macro_f1,wisdm_watch_accel,random_forest,20260911,0.0,50,50
calibration_temp_macro_f1,wisdm_watch_accel,random_forest,20260912,0.0,50,50
calibration_temp_macro_f1,wisdm_watch_accel,random_forest,20260913,0.0,50,50
calibration_temp_macro_f1,wisdm_watch_accel,random_forest,20260914,0.0,50,50
calibration_temp_macro_f1,wisdm_watch_accel,random_forest,20260915,0.0,50,50
calibration_temp_macro_f1,wisdm_watch_accel,random_forest,20260916,0.0,50,50
calibration_temp_macro_f1,wisdm_watch_accel,random_forest,20260917,0.0,50,50
calibration_temp_macro_f1,wisdm_watch_accel,random_forest,20260918,0.0,50,50
calibration_temp_macro_f1,wisdm_watch_accel,random_forest,20260919,0.0,50,50
calibration_temp_macro_f1,wisdm_watch_accel,random_forest,20260920,0.0,50,50
leakage_reduced_protocol_brier,uci_har,cnn1d,20260911,0.05626536500005067,30,30
leakage_reduced_protocol_brier,uci_har,extra_trees,20260911,0.02962056062326118,30,30
leakage_reduced_protocol_brier,uci_har,hist_gradient_boosting,20260911,0.04644530784063423,30,30
leakage_reduced_protocol_brier,uci_har,logistic,20260911,0.0231110494699417,30,30
leakage_reduced_protocol_brier,uci_har,random_forest,20260911,0.02996153648621168,30,30
leakage_reduced_protocol_ece_15,uci_har,cnn1d,20260911,0.03176370568347734,30,30
leakage_reduced_protocol_ece_15,uci_har,extra_trees,20260911,0.006631178234732821,30,30
leakage_reduced_protocol_ece_15,uci_har,hist_gradient_boosting,20260911,0.021929394065909817,30,30
leakage_reduced_protocol_ece_15,uci_har,logistic,20260911,0.008284752676198336,30,30
leakage_reduced_protocol_ece_15,uci_har,random_forest,20260911,0.002431828898847022,30,30
leakage_reduced_protocol_macro_f1,uci_har,cnn1d,20260911,-0.03679645723570948,30,30
leakage_reduced_protocol_macro_f1,uci_har,extra_trees,20260911,-0.02131158226151578,30,30
leakage_reduced_protocol_macro_f1,uci_har,hist_gradient_boosting,20260911,-0.025225181790637378,30,30
leakage_reduced_protocol_macro_f1,uci_har,logistic,20260911,-0.014223381472530898,30,30
leakage_reduced_protocol_macro_f1,uci_har,random_forest,20260911,-0.023594072868220985,30,30
leakage_reduced_protocol_nll,uci_har,cnn1d,20260911,0.12221390199317268,30,30
leakage_reduced_protocol_nll,uci_har,extra_trees,20260911,0.04612676119247373,30,30
leakage_reduced_protocol_nll,uci_har,hist_gradient_boosting,20260911,0.1508074286182656,30,30
leakage_reduced_protocol_nll,uci_har,logistic,20260911,0.053730316231954775,30,30
leakage_reduced_protocol_nll,uci_har,random_forest,20260911,0.0452640760704025,30,30
protocol_brier,uci_har,cnn1d,20260911,0.08107497404485606,30,30
protocol_brier,uci_har,cnn1d,20260912,0.08940013084470667,30,30
protocol_brier,uci_har,cnn1d,20260913,0.08561727142793733,30,30
protocol_brier,uci_har,cnn1d,20260914,0.07946749759404746,30,30
protocol_brier,uci_har,cnn1d,20260915,0.09204392756005327,30,30
protocol_brier,uci_har,cnn1d,20260916,0.09523381015831603,30,30
protocol_brier,uci_har,cnn1d,20260917,0.08063716919943902,30,30
protocol_brier,uci_har,cnn1d,20260918,0.07675709307715681,30,30
protocol_brier,uci_har,cnn1d,20260919,0.09769153083502165,30,30
protocol_brier,uci_har,cnn1d,20260920,0.08621075478275436,30,30
protocol_brier,uci_har,extra_trees,20260911,0.06866526422896832,30,30
protocol_brier,uci_har,extra_trees,20260912,0.06964841417501165,30,30
protocol_brier,uci_har,extra_trees,20260913,0.06847422265111097,30,30
protocol_brier,uci_har,extra_trees,20260914,0.06832374415127072,30,30
protocol_brier,uci_har,extra_trees,20260915,0.06828144791000806,30,30
protocol_brier,uci_har,extra_trees,20260916,0.06888145537231667,30,30
protocol_brier,uci_har,extra_trees,20260917,0.0692312737152356,30,30
protocol_brier,uci_har,extra_trees,20260918,0.06830654964401989,30,30
protocol_brier,uci_har,extra_trees,20260919,0.0681933360117087,30,30
protocol_brier,uci_har,extra_trees,20260920,0.0711322020448004,30,30
protocol_brier,uci_har,hist_gradient_boosting,20260911,0.08179160478059712,30,30
protocol_brier,uci_har,hist_gradient_boosting,20260912,0.09865020829454543,30,30
protocol_brier,uci_har,hist_gradient_boosting,20260913,0.10000431783404742,30,30
protocol_brier,uci_har,hist_gradient_boosting,20260914,0.09855712905926897,30,30
protocol_brier,uci_har,hist_gradient_boosting,20260915,0.09991237537068828,30,30
protocol_brier,uci_har,hist_gradient_boosting,20260916,0.09910923351106943,30,30
protocol_brier,uci_har,hist_gradient_boosting,20260917,0.09950033107424851,30,30
protocol_brier,uci_har,hist_gradient_boosting,20260918,0.09913820720232978,30,30
protocol_brier,uci_har,hist_gradient_boosting,20260919,0.08236004307616464,30,30
protocol_brier,uci_har,hist_gradient_boosting,20260920,0.09839613069359457,30,30
protocol_brier,uci_har,logistic,20260911,0.06196885185612464,30,30
protocol_brier,uci_har,logistic,20260912,0.06484738831465424,30,30
protocol_brier,uci_har,logistic,20260913,0.06230410138822789,30,30
protocol_brier,uci_har,logistic,20260914,0.06379236775030514,30,30
protocol_brier,uci_har,logistic,20260915,0.06271697957082861,30,30
protocol_brier,uci_har,logistic,20260916,0.06255104267497981,30,30
protocol_brier,uci_har,logistic,20260917,0.06532366108452756,30,30
protocol_brier,uci_har,logistic,20260918,0.06396334173940499,30,30
protocol_brier,uci_har,logistic,20260919,0.06353017499308308,30,30
protocol_brier,uci_har,logistic,20260920,0.06340004790051755,30,30
protocol_brier,uci_har,random_forest,20260911,0.06726864408766894,30,30
protocol_brier,uci_har,random_forest,20260912,0.07341157927859907,30,30
protocol_brier,uci_har,random_forest,20260913,0.07394456709021359,30,30
protocol_brier,uci_har,random_forest,20260914,0.07350578855024666,30,30
protocol_brier,uci_har,random_forest,20260915,0.07426948659691739,30,30
protocol_brier,uci_har,random_forest,20260916,0.0736532746782794,30,30
protocol_brier,uci_har,random_forest,20260917,0.07251702276618917,30,30
protocol_brier,uci_har,random_forest,20260918,0.07220116459953618,30,30
protocol_brier,uci_har,random_forest,20260919,0.0669835850025114,30,30
protocol_brier,uci_har,random_forest,20260920,0.07421060034896951,30,30
protocol_brier,wisdm_watch_accel,cnn1d,20260911,0.3035443912656076,50,50
protocol_brier,wisdm_watch_accel,cnn1d,20260912,0.29847436353619244,50,50
protocol_brier,wisdm_watch_accel,cnn1d,20260913,0.27146085993678726,50,50
protocol_brier,wisdm_watch_accel,cnn1d,20260914,0.3131932066816848,50,50
protocol_brier,wisdm_watch_accel,cnn1d,20260915,0.3371554867556143,50,50
protocol_brier,wisdm_watch_accel,cnn1d,20260916,0.3255878068724206,50,50
protocol_brier,wisdm_watch_accel,cnn1d,20260917,0.3199935871130012,50,50
protocol_brier,wisdm_watch_accel,cnn1d,20260918,0.3256278510304863,50,50
protocol_brier,wisdm_watch_accel,cnn1d,20260919,0.324833285385343,50,50
protocol_brier,wisdm_watch_accel,cnn1d,20260920,0.27080653303821073,50,50
protocol_brier,wisdm_watch_accel,extra_trees,20260911,0.2111200324508712,50,50
protocol_brier,wisdm_watch_accel,extra_trees,20260912,0.22002761208212895,50,50
protocol_brier,wisdm_watch_accel,extra_trees,20260913,0.21497752532810568,50,50
protocol_brier,wisdm_watch_accel,extra_trees,20260914,0.21869637746524861,50,50
protocol_brier,wisdm_watch_accel,extra_trees,20260915,0.20964336777320805,50,50
protocol_brier,wisdm_watch_accel,extra_trees,20260916,0.22027571846812483,50,50
protocol_brier,wisdm_watch_accel,extra_trees,20260917,0.21837344698721117,50,50
protocol_brier,wisdm_watch_accel,extra_trees,20260918,0.22604029000948464,50,50
protocol_brier,wisdm_watch_accel,extra_trees,20260919,0.22872326852298389,50,50
protocol_brier,wisdm_watch_accel,extra_trees,20260920,0.21826923028843048,50,50
protocol_brier,wisdm_watch_accel,hist_gradient_boosting,20260911,0.28734509665777763,50,50
protocol_brier,wisdm_watch_accel,hist_gradient_boosting,20260912,0.3016664013764605,50,50
protocol_brier,wisdm_watch_accel,hist_gradient_boosting,20260913,0.29739387720526933,50,50
protocol_brier,wisdm_watch_accel,hist_gradient_boosting,20260914,0.30852923285930794,50,50
protocol_brier,wisdm_watch_accel,hist_gradient_boosting,20260915,0.2947421410898431,50,50
protocol_brier,wisdm_watch_accel,hist_gradient_boosting,20260916,0.3091714513176634,50,50
protocol_brier,wisdm_watch_accel,hist_gradient_boosting,20260917,0.300737475705791,50,50
protocol_brier,wisdm_watch_accel,hist_gradient_boosting,20260918,0.3161779013156002,50,50
protocol_brier,wisdm_watch_accel,hist_gradient_boosting,20260919,0.32270813985340063,50,50
protocol_brier,wisdm_watch_accel,hist_gradient_boosting,20260920,0.31785847562831915,50,50
protocol_brier,wisdm_watch_accel,logistic,20260911,0.13680832376423807,50,50
protocol_brier,wisdm_watch_accel,logistic,20260912,0.14919247446844727,50,50
protocol_brier,wisdm_watch_accel,logistic,20260913,0.14315174587961907,50,50
protocol_brier,wisdm_watch_accel,logistic,20260914,0.13949160204934416,50,50
protocol_brier,wisdm_watch_accel,logistic,20260915,0.1414666518675674,50,50
protocol_brier,wisdm_watch_accel,logistic,20260916,0.15680101345950284,50,50
protocol_brier,wisdm_watch_accel,logistic,20260917,0.15497414873566,50,50
protocol_brier,wisdm_watch_accel,logistic,20260918,0.17339077239609577,50,50
protocol_brier,wisdm_watch_accel,logistic,20260919,0.16224225552166213,50,50
protocol_brier,wisdm_watch_accel,logistic,20260920,0.16481459753048497,50,50
protocol_brier,wisdm_watch_accel,random_forest,20260911,0.18908019770976867,50,50
protocol_brier,wisdm_watch_accel,random_forest,20260912,0.19948240795268593,50,50
protocol_brier,wisdm_watch_accel,random_forest,20260913,0.1980609500024912,50,50
protocol_brier,wisdm_watch_accel,random_forest,20260914,0.20149679184353644,50,50
protocol_brier,wisdm_watch_accel,random_forest,20260915,0.19326179071167018,50,50
protocol_brier,wisdm_watch_accel,random_forest,20260916,0.20139643356241546,50,50
protocol_brier,wisdm_watch_accel,random_forest,20260917,0.1978284419798397,50,50
protocol_brier,wisdm_watch_accel,random_forest,20260918,0.2078951964165503,50,50
protocol_brier,wisdm_watch_accel,random_forest,20260919,0.2074075914969207,50,50
protocol_brier,wisdm_watch_accel,random_forest,20260920,0.2009893669552962,50,50
protocol_ece_15,uci_har,cnn1d,20260911,0.052721384674066944,30,30
protocol_ece_15,uci_har,cnn1d,20260912,0.0577882146858646,30,30
protocol_ece_15,uci_har,cnn1d,20260913,0.05063040979601104,30,30
protocol_ece_15,uci_har,cnn1d,20260914,0.05543652759062974,30,30
protocol_ece_15,uci_har,cnn1d,20260915,0.05772505329085689,30,30
protocol_ece_15,uci_har,cnn1d,20260916,0.049329564652321835,30,30
protocol_ece_15,uci_har,cnn1d,20260917,0.04400143130865515,30,30
protocol_ece_15,uci_har,cnn1d,20260918,0.03783167632959847,30,30
protocol_ece_15,uci_har,cnn1d,20260919,0.06032136264936297,30,30
protocol_ece_15,uci_har,cnn1d,20260920,0.05223767159724424,30,30
protocol_ece_15,uci_har,extra_trees,20260911,0.02426649001134429,30,30
protocol_ece_15,uci_har,extra_trees,20260912,0.022792567431332806,30,30
protocol_ece_15,uci_har,extra_trees,20260913,0.0240577240143978,30,30
protocol_ece_15,uci_har,extra_trees,20260914,0.02551015055464582,30,30
protocol_ece_15,uci_har,extra_trees,20260915,0.0218579307369533,30,30
protocol_ece_15,uci_har,extra_trees,20260916,0.024099786890167552,30,30
protocol_ece_15,uci_har,extra_trees,20260917,0.024209641099158036,30,30
protocol_ece_15,uci_har,extra_trees,20260918,0.02172522267623144,30,30
protocol_ece_15,uci_har,extra_trees,20260919,0.023946864001314495,30,30
protocol_ece_15,uci_har,extra_trees,20260920,0.022478050185452,30,30
protocol_ece_15,uci_har,hist_gradient_boosting,20260911,0.03644592744189738,30,30
protocol_ece_15,uci_har,hist_gradient_boosting,20260912,0.04569306259694534,30,30
protocol_ece_15,uci_har,hist_gradient_boosting,20260913,0.04657667277679741,30,30
protocol_ece_15,uci_har,hist_gradient_boosting,20260914,0.046540439294647615,30,30
protocol_ece_15,uci_har,hist_gradient_boosting,20260915,0.046794641823163334,30,30
protocol_ece_15,uci_har,hist_gradient_boosting,20260916,0.04670395488351748,30,30
protocol_ece_15,uci_har,hist_gradient_boosting,20260917,0.04697764485197397,30,30
protocol_ece_15,uci_har,hist_gradient_boosting,20260918,0.046381668412788686,30,30
protocol_ece_15,uci_har,hist_gradient_boosting,20260919,0.036023556698127054,30,30
protocol_ece_15,uci_har,hist_gradient_boosting,20260920,0.046405395267516455,30,30
protocol_ece_15,uci_har,logistic,20260911,0.024245488573337096,30,30
protocol_ece_15,uci_har,logistic,20260912,0.02797096558619599,30,30
protocol_ece_15,uci_har,logistic,20260913,0.028020228551014,30,30
protocol_ece_15,uci_har,logistic,20260914,0.028518703578299262,30,30
protocol_ece_15,uci_har,logistic,20260915,0.027988474829942666,30,30
protocol_ece_15,uci_har,logistic,20260916,0.028355399024258154,30,30
protocol_ece_15,uci_har,logistic,20260917,0.027345695061082965,30,30
protocol_ece_15,uci_har,logistic,20260918,0.026992647083429806,30,30
protocol_ece_15,uci_har,logistic,20260919,0.025853700117611966,30,30
protocol_ece_15,uci_har,logistic,20260920,0.02657276339533498,30,30
protocol_ece_15,uci_har,random_forest,20260911,0.015086814101309054,30,30
protocol_ece_15,uci_har,random_forest,20260912,0.015785755556967863,30,30
protocol_ece_15,uci_har,random_forest,20260913,0.014753840624936673,30,30
protocol_ece_15,uci_har,random_forest,20260914,0.015738296411600548,30,30
protocol_ece_15,uci_har,random_forest,20260915,0.0159647003214907,30,30
protocol_ece_15,uci_har,random_forest,20260916,0.016776026824398507,30,30
protocol_ece_15,uci_har,random_forest,20260917,0.0152865517112552,30,30
protocol_ece_15,uci_har,random_forest,20260918,0.016070669561834856,30,30
protocol_ece_15,uci_har,random_forest,20260919,0.016599237336946238,30,30
protocol_ece_15,uci_har,random_forest,20260920,0.017096675031400586,30,30
protocol_ece_15,wisdm_watch_accel,cnn1d,20260911,0.10256243247918854,50,50
protocol_ece_15,wisdm_watch_accel,cnn1d,20260912,0.08802750110369026,50,50
protocol_ece_15,wisdm_watch_accel,cnn1d,20260913,0.0814950734553823,50,50
protocol_ece_15,wisdm_watch_accel,cnn1d,20260914,0.08672202596254312,50,50
protocol_ece_15,wisdm_watch_accel,cnn1d,20260915,0.09692818560855057,50,50
protocol_ece_15,wisdm_watch_accel,cnn1d,20260916,0.09772972808516554,50,50
protocol_ece_15,wisdm_watch_accel,cnn1d,20260917,0.09651172136777675,50,50
protocol_ece_15,wisdm_watch_accel,cnn1d,20260918,0.08530441230543814,50,50
protocol_ece_15,wisdm_watch_accel,cnn1d,20260919,0.09861375505324958,50,50
protocol_ece_15,wisdm_watch_accel,cnn1d,20260920,0.09173647203773663,50,50
protocol_ece_15,wisdm_watch_accel,extra_trees,20260911,-0.0005048433197941671,50,50
protocol_ece_15,wisdm_watch_accel,extra_trees,20260912,-0.0021588569197325143,50,50
protocol_ece_15,wisdm_watch_accel,extra_trees,20260913,-0.005280971626770721,50,50
protocol_ece_15,wisdm_watch_accel,extra_trees,20260914,-0.0016080913497828998,50,50
protocol_ece_15,wisdm_watch_accel,extra_trees,20260915,-0.0022001259061581666,50,50
protocol_ece_15,wisdm_watch_accel,extra_trees,20260916,-0.005103321212201559,50,50
protocol_ece_15,wisdm_watch_accel,extra_trees,20260917,-0.004136052906451501,50,50
protocol_ece_15,wisdm_watch_accel,extra_trees,20260918,-0.010507139839993134,50,50
protocol_ece_15,wisdm_watch_accel,extra_trees,20260919,-0.003310412233207525,50,50
protocol_ece_15,wisdm_watch_accel,extra_trees,20260920,-0.005173783028104271,50,50
protocol_ece_15,wisdm_watch_accel,hist_gradient_boosting,20260911,0.12301594254382897,50,50
protocol_ece_15,wisdm_watch_accel,hist_gradient_boosting,20260912,0.13247947637499036,50,50
protocol_ece_15,wisdm_watch_accel,hist_gradient_boosting,20260913,0.12726590408414615,50,50
protocol_ece_15,wisdm_watch_accel,hist_gradient_boosting,20260914,0.13243525848735618,50,50
protocol_ece_15,wisdm_watch_accel,hist_gradient_boosting,20260915,0.13269350949746916,50,50
protocol_ece_15,wisdm_watch_accel,hist_gradient_boosting,20260916,0.12999928180411785,50,50
protocol_ece_15,wisdm_watch_accel,hist_gradient_boosting,20260917,0.123739753427248,50,50
protocol_ece_15,wisdm_watch_accel,hist_gradient_boosting,20260918,0.14011829044892454,50,50
protocol_ece_15,wisdm_watch_accel,hist_gradient_boosting,20260919,0.13781622050861445,50,50
protocol_ece_15,wisdm_watch_accel,hist_gradient_boosting,20260920,0.13754794564764594,50,50
protocol_ece_15,wisdm_watch_accel,logistic,20260911,0.05063425459170971,50,50
protocol_ece_15,wisdm_watch_accel,logistic,20260912,0.05402786262613185,50,50
protocol_ece_15,wisdm_watch_accel,logistic,20260913,0.04769013099201105,50,50
protocol_ece_15,wisdm_watch_accel,logistic,20260914,0.0457966849394912,50,50
protocol_ece_15,wisdm_watch_accel,logistic,20260915,0.05071163531937782,50,50
protocol_ece_15,wisdm_watch_accel,logistic,20260916,0.058185210731571554,50,50
protocol_ece_15,wisdm_watch_accel,logistic,20260917,0.053526430543746395,50,50
protocol_ece_15,wisdm_watch_accel,logistic,20260918,0.06612925171112298,50,50
protocol_ece_15,wisdm_watch_accel,logistic,20260919,0.06701255711737626,50,50
protocol_ece_15,wisdm_watch_accel,logistic,20260920,0.061354792708070455,50,50
protocol_ece_15,wisdm_watch_accel,random_forest,20260911,-0.013589651402900851,50,50
protocol_ece_15,wisdm_watch_accel,random_forest,20260912,-0.019991175808163078,50,50
protocol_ece_15,wisdm_watch_accel,random_forest,20260913,-0.014280588829956227,50,50
protocol_ece_15,wisdm_watch_accel,random_forest,20260914,-0.013241131809495385,50,50
protocol_ece_15,wisdm_watch_accel,random_forest,20260915,-0.01066480214335458,50,50
protocol_ece_15,wisdm_watch_accel,random_forest,20260916,-0.010524261159740013,50,50
protocol_ece_15,wisdm_watch_accel,random_forest,20260917,-0.014271012867739756,50,50
protocol_ece_15,wisdm_watch_accel,random_forest,20260918,-0.022504598245940612,50,50
protocol_ece_15,wisdm_watch_accel,random_forest,20260919,-0.013270087139461593,50,50
protocol_ece_15,wisdm_watch_accel,random_forest,20260920,-0.015362435217035042,50,50
protocol_macro_f1,uci_har,cnn1d,20260911,-0.0539278778445958,30,30
protocol_macro_f1,uci_har,cnn1d,20260912,-0.06130630683442086,30,30
protocol_macro_f1,uci_har,cnn1d,20260913,-0.05833253969544297,30,30
protocol_macro_f1,uci_har,cnn1d,20260914,-0.044411373628758605,30,30
protocol_macro_f1,uci_har,cnn1d,20260915,-0.059535396843976386,30,30
protocol_macro_f1,uci_har,cnn1d,20260916,-0.07047320593731,30,30
protocol_macro_f1,uci_har,cnn1d,20260917,-0.05159114261183414,30,30
protocol_macro_f1,uci_har,cnn1d,20260918,-0.05707898022648291,30,30
protocol_macro_f1,uci_har,cnn1d,20260919,-0.06115149550023502,30,30
protocol_macro_f1,uci_har,cnn1d,20260920,-0.05839318753998738,30,30
protocol_macro_f1,uci_har,extra_trees,20260911,-0.048754088017089,30,30
protocol_macro_f1,uci_har,extra_trees,20260912,-0.050644639360161454,30,30
protocol_macro_f1,uci_har,extra_trees,20260913,-0.047753658233072635,30,30
protocol_macro_f1,uci_har,extra_trees,20260914,-0.04704278083585562,30,30
protocol_macro_f1,uci_har,extra_trees,20260915,-0.05050108745050523,30,30
protocol_macro_f1,uci_har,extra_trees,20260916,-0.047514492413737064,30,30
protocol_macro_f1,uci_har,extra_trees,20260917,-0.04823395399596978,30,30
protocol_macro_f1,uci_har,extra_trees,20260918,-0.04943721551770407,30,30
protocol_macro_f1,uci_har,extra_trees,20260919,-0.04903706416561497,30,30
protocol_macro_f1,uci_har,extra_trees,20260920,-0.05162604628680265,30,30
protocol_macro_f1,uci_har,hist_gradient_boosting,20260911,-0.048107225043375584,30,30
protocol_macro_f1,uci_har,hist_gradient_boosting,20260912,-0.06374989692359895,30,30
protocol_macro_f1,uci_har,hist_gradient_boosting,20260913,-0.06393534859983617,30,30
protocol_macro_f1,uci_har,hist_gradient_boosting,20260914,-0.06369505858883596,30,30
protocol_macro_f1,uci_har,hist_gradient_boosting,20260915,-0.06463946057108237,30,30
protocol_macro_f1,uci_har,hist_gradient_boosting,20260916,-0.06375871255382816,30,30
protocol_macro_f1,uci_har,hist_gradient_boosting,20260917,-0.06401344411170079,30,30
protocol_macro_f1,uci_har,hist_gradient_boosting,20260918,-0.06401788558010744,30,30
protocol_macro_f1,uci_har,hist_gradient_boosting,20260919,-0.04800738028289692,30,30
protocol_macro_f1,uci_har,hist_gradient_boosting,20260920,-0.06375199611855205,30,30
protocol_macro_f1,uci_har,logistic,20260911,-0.04146633671865897,30,30
protocol_macro_f1,uci_har,logistic,20260912,-0.04492314423433861,30,30
protocol_macro_f1,uci_har,logistic,20260913,-0.04325010447020457,30,30
protocol_macro_f1,uci_har,logistic,20260914,-0.044084867412164296,30,30
protocol_macro_f1,uci_har,logistic,20260915,-0.04309870877145775,30,30
protocol_macro_f1,uci_har,logistic,20260916,-0.04197712057017331,30,30
protocol_macro_f1,uci_har,logistic,20260917,-0.04561729690558747,30,30
protocol_macro_f1,uci_har,logistic,20260918,-0.043902387024882014,30,30
protocol_macro_f1,uci_har,logistic,20260919,-0.04162158823404447,30,30
protocol_macro_f1,uci_har,logistic,20260920,-0.04336089494981275,30,30
protocol_macro_f1,uci_har,random_forest,20260911,-0.05343393909156733,30,30
protocol_macro_f1,uci_har,random_forest,20260912,-0.062066424263062234,30,30
protocol_macro_f1,uci_har,random_forest,20260913,-0.06146265913293972,30,30
protocol_macro_f1,uci_har,random_forest,20260914,-0.060429538769760476,30,30
protocol_macro_f1,uci_har,random_forest,20260915,-0.0613467752759302,30,30
protocol_macro_f1,uci_har,random_forest,20260916,-0.06133329571934603,30,30
protocol_macro_f1,uci_har,random_forest,20260917,-0.06002308154073367,30,30
protocol_macro_f1,uci_har,random_forest,20260918,-0.05831952906643633,30,30
protocol_macro_f1,uci_har,random_forest,20260919,-0.0516932969321963,30,30
protocol_macro_f1,uci_har,random_forest,20260920,-0.062229114792837215,30,30
protocol_macro_f1,wisdm_watch_accel,cnn1d,20260911,-0.2765799363668009,50,50
protocol_macro_f1,wisdm_watch_accel,cnn1d,20260912,-0.2691013274300946,50,50
protocol_macro_f1,wisdm_watch_accel,cnn1d,20260913,-0.25095307954081475,50,50
protocol_macro_f1,wisdm_watch_accel,cnn1d,20260914,-0.2896431924600962,50,50
protocol_macro_f1,wisdm_watch_accel,cnn1d,20260915,-0.3163023040384121,50,50
protocol_macro_f1,wisdm_watch_accel,cnn1d,20260916,-0.2874286004420707,50,50
protocol_macro_f1,wisdm_watch_accel,cnn1d,20260917,-0.2923684379540671,50,50
protocol_macro_f1,wisdm_watch_accel,cnn1d,20260918,-0.31373225485047757,50,50
protocol_macro_f1,wisdm_watch_accel,cnn1d,20260919,-0.293748910886745,50,50
protocol_macro_f1,wisdm_watch_accel,cnn1d,20260920,-0.22780497031162958,50,50
protocol_macro_f1,wisdm_watch_accel,extra_trees,20260911,-0.191682205441797,50,50
protocol_macro_f1,wisdm_watch_accel,extra_trees,20260912,-0.2071520479116108,50,50
protocol_macro_f1,wisdm_watch_accel,extra_trees,20260913,-0.19657080708546493,50,50
protocol_macro_f1,wisdm_watch_accel,extra_trees,20260914,-0.19934123245304175,50,50
protocol_macro_f1,wisdm_watch_accel,extra_trees,20260915,-0.18953017963053942,50,50
protocol_macro_f1,wisdm_watch_accel,extra_trees,20260916,-0.20125034952937548,50,50
protocol_macro_f1,wisdm_watch_accel,extra_trees,20260917,-0.2023482306682125,50,50
protocol_macro_f1,wisdm_watch_accel,extra_trees,20260918,-0.2104097088657849,50,50
protocol_macro_f1,wisdm_watch_accel,extra_trees,20260919,-0.21051823943279238,50,50
protocol_macro_f1,wisdm_watch_accel,extra_trees,20260920,-0.2013679290383223,50,50
protocol_macro_f1,wisdm_watch_accel,hist_gradient_boosting,20260911,-0.20445665881521358,50,50
protocol_macro_f1,wisdm_watch_accel,hist_gradient_boosting,20260912,-0.21171449538132492,50,50
protocol_macro_f1,wisdm_watch_accel,hist_gradient_boosting,20260913,-0.20875336362360686,50,50
protocol_macro_f1,wisdm_watch_accel,hist_gradient_boosting,20260914,-0.21254002559109852,50,50
protocol_macro_f1,wisdm_watch_accel,hist_gradient_boosting,20260915,-0.20625480751426978,50,50
protocol_macro_f1,wisdm_watch_accel,hist_gradient_boosting,20260916,-0.21713637524880336,50,50
protocol_macro_f1,wisdm_watch_accel,hist_gradient_boosting,20260917,-0.21145429614129807,50,50
protocol_macro_f1,wisdm_watch_accel,hist_gradient_boosting,20260918,-0.21941634784531577,50,50
protocol_macro_f1,wisdm_watch_accel,hist_gradient_boosting,20260919,-0.22604882804019755,50,50
protocol_macro_f1,wisdm_watch_accel,hist_gradient_boosting,20260920,-0.22153773143888522,50,50
protocol_macro_f1,wisdm_watch_accel,logistic,20260911,-0.10211654268004175,50,50
protocol_macro_f1,wisdm_watch_accel,logistic,20260912,-0.1087535747505955,50,50
protocol_macro_f1,wisdm_watch_accel,logistic,20260913,-0.10685281673026209,50,50
protocol_macro_f1,wisdm_watch_accel,logistic,20260914,-0.10737834481975772,50,50
protocol_macro_f1,wisdm_watch_accel,logistic,20260915,-0.10917238021952563,50,50
protocol_macro_f1,wisdm_watch_accel,logistic,20260916,-0.11797774079809288,50,50
protocol_macro_f1,wisdm_watch_accel,logistic,20260917,-0.11601891733674907,50,50
protocol_macro_f1,wisdm_watch_accel,logistic,20260918,-0.12066859976899112,50,50
protocol_macro_f1,wisdm_watch_accel,logistic,20260919,-0.11586025451941849,50,50
protocol_macro_f1,wisdm_watch_accel,logistic,20260920,-0.11616173768303854,50,50
protocol_macro_f1,wisdm_watch_accel,random_forest,20260911,-0.1833051772535517,50,50
protocol_macro_f1,wisdm_watch_accel,random_forest,20260912,-0.19489981430437595,50,50
protocol_macro_f1,wisdm_watch_accel,random_forest,20260913,-0.18744659285613774,50,50
protocol_macro_f1,wisdm_watch_accel,random_forest,20260914,-0.18744655935371146,50,50
protocol_macro_f1,wisdm_watch_accel,random_forest,20260915,-0.182153319038656,50,50
protocol_macro_f1,wisdm_watch_accel,random_forest,20260916,-0.19185858196367211,50,50
protocol_macro_f1,wisdm_watch_accel,random_forest,20260917,-0.19123441642099814,50,50
protocol_macro_f1,wisdm_watch_accel,random_forest,20260918,-0.20293504152842692,50,50
protocol_macro_f1,wisdm_watch_accel,random_forest,20260919,-0.19891944079971804,50,50
protocol_macro_f1,wisdm_watch_accel,random_forest,20260920,-0.1908665026386399,50,50
protocol_nll,uci_har,cnn1d,20260911,0.1933473078446852,30,30
protocol_nll,uci_har,cnn1d,20260912,0.16314732938562881,30,30
protocol_nll,uci_har,cnn1d,20260913,0.17500905035226708,30,30
protocol_nll,uci_har,cnn1d,20260914,0.1755329037333416,30,30
protocol_nll,uci_har,cnn1d,20260915,0.2301099600919094,30,30
protocol_nll,uci_har,cnn1d,20260916,0.20366017404696785,30,30
protocol_nll,uci_har,cnn1d,20260917,0.20164921859186286,30,30
protocol_nll,uci_har,cnn1d,20260918,0.1669684917920583,30,30
protocol_nll,uci_har,cnn1d,20260919,0.20465794126902676,30,30
protocol_nll,uci_har,cnn1d,20260920,0.17212461364518672,30,30
protocol_nll,uci_har,extra_trees,20260911,0.11190204728373108,30,30
protocol_nll,uci_har,extra_trees,20260912,0.11369128908854907,30,30
protocol_nll,uci_har,extra_trees,20260913,0.11157386658574113,30,30
protocol_nll,uci_har,extra_trees,20260914,0.11129194146451346,30,30
protocol_nll,uci_har,extra_trees,20260915,0.11137869796959707,30,30
protocol_nll,uci_har,extra_trees,20260916,0.11211525779464747,30,30
protocol_nll,uci_har,extra_trees,20260917,0.1128787315456321,30,30
protocol_nll,uci_har,extra_trees,20260918,0.11157863888600629,30,30
protocol_nll,uci_har,extra_trees,20260919,0.11109667922933654,30,30
protocol_nll,uci_har,extra_trees,20260920,0.1153864390256799,30,30
protocol_nll,uci_har,hist_gradient_boosting,20260911,0.28863877904990504,30,30
protocol_nll,uci_har,hist_gradient_boosting,20260912,0.33644528664965895,30,30
protocol_nll,uci_har,hist_gradient_boosting,20260913,0.34211831052769376,30,30
protocol_nll,uci_har,hist_gradient_boosting,20260914,0.3345685572135768,30,30
protocol_nll,uci_har,hist_gradient_boosting,20260915,0.3391457873321258,30,30
protocol_nll,uci_har,hist_gradient_boosting,20260916,0.33678242215661675,30,30
protocol_nll,uci_har,hist_gradient_boosting,20260917,0.3392329540703837,30,30
protocol_nll,uci_har,hist_gradient_boosting,20260918,0.3378289951907695,30,30
protocol_nll,uci_har,hist_gradient_boosting,20260919,0.2938648652884589,30,30
protocol_nll,uci_har,hist_gradient_boosting,20260920,0.3356355318977574,30,30
protocol_nll,uci_har,logistic,20260911,0.17815484060979855,30,30
protocol_nll,uci_har,logistic,20260912,0.19598986293802304,30,30
protocol_nll,uci_har,logistic,20260913,0.19149393142917714,30,30
protocol_nll,uci_har,logistic,20260914,0.19338240084942152,30,30
protocol_nll,uci_har,logistic,20260915,0.192642160653469,30,30
protocol_nll,uci_har,logistic,20260916,0.19374968108460588,30,30
protocol_nll,uci_har,logistic,20260917,0.19576980456807208,30,30
protocol_nll,uci_har,logistic,20260918,0.1960865383876765,30,30
protocol_nll,uci_har,logistic,20260919,0.18252547821538612,30,30
protocol_nll,uci_har,logistic,20260920,0.1923460559664488,30,30
protocol_nll,uci_har,random_forest,20260911,0.10890339599130358,30,30
protocol_nll,uci_har,random_forest,20260912,0.11558435607006023,30,30
protocol_nll,uci_har,random_forest,20260913,0.11643632413202801,30,30
protocol_nll,uci_har,random_forest,20260914,0.11638589291988762,30,30
protocol_nll,uci_har,random_forest,20260915,0.11672466710919731,30,30
protocol_nll,uci_har,random_forest,20260916,0.11593742128995341,30,30
protocol_nll,uci_har,random_forest,20260917,0.11514094870818227,30,30
protocol_nll,uci_har,random_forest,20260918,0.11423366677361006,30,30
protocol_nll,uci_har,random_forest,20260919,0.1083553674704733,30,30
protocol_nll,uci_har,random_forest,20260920,0.11620004312891395,30,30
protocol_nll,wisdm_watch_accel,cnn1d,20260911,0.9873425331252492,50,50
protocol_nll,wisdm_watch_accel,cnn1d,20260912,0.9694539237544457,50,50
protocol_nll,wisdm_watch_accel,cnn1d,20260913,0.9267231482354852,50,50
protocol_nll,wisdm_watch_accel,cnn1d,20260914,0.9357606039987352,50,50
protocol_nll,wisdm_watch_accel,cnn1d,20260915,1.1181462965861417,50,50
protocol_nll,wisdm_watch_accel,cnn1d,20260916,1.1236812212247649,50,50
protocol_nll,wisdm_watch_accel,cnn1d,20260917,1.0943945303255216,50,50
protocol_nll,wisdm_watch_accel,cnn1d,20260918,1.1174534077016587,50,50
protocol_nll,wisdm_watch_accel,cnn1d,20260919,1.0658569883528657,50,50
protocol_nll,wisdm_watch_accel,cnn1d,20260920,1.0426911357043886,50,50
protocol_nll,wisdm_watch_accel,extra_trees,20260911,0.8249435415597265,50,50
protocol_nll,wisdm_watch_accel,extra_trees,20260912,0.8834943183536568,50,50
protocol_nll,wisdm_watch_accel,extra_trees,20260913,0.8297316772749223,50,50
protocol_nll,wisdm_watch_accel,extra_trees,20260914,0.7991927862539902,50,50
protocol_nll,wisdm_watch_accel,extra_trees,20260915,0.8315316957017106,50,50
protocol_nll,wisdm_watch_accel,extra_trees,20260916,0.8681708010553943,50,50
protocol_nll,wisdm_watch_accel,extra_trees,20260917,0.9053904477840666,50,50
protocol_nll,wisdm_watch_accel,extra_trees,20260918,0.90930358391758,50,50
protocol_nll,wisdm_watch_accel,extra_trees,20260919,0.8905944719856858,50,50
protocol_nll,wisdm_watch_accel,extra_trees,20260920,0.9212879935683221,50,50
protocol_nll,wisdm_watch_accel,hist_gradient_boosting,20260911,0.8847200460876264,50,50
protocol_nll,wisdm_watch_accel,hist_gradient_boosting,20260912,0.9489427412715332,50,50
protocol_nll,wisdm_watch_accel,hist_gradient_boosting,20260913,0.9474484204466219,50,50
protocol_nll,wisdm_watch_accel,hist_gradient_boosting,20260914,0.9562786491384121,50,50
protocol_nll,wisdm_watch_accel,hist_gradient_boosting,20260915,0.9263546602107189,50,50
protocol_nll,wisdm_watch_accel,hist_gradient_boosting,20260916,0.9516865132424034,50,50
protocol_nll,wisdm_watch_accel,hist_gradient_boosting,20260917,0.922962621718981,50,50
protocol_nll,wisdm_watch_accel,hist_gradient_boosting,20260918,1.0033517905541027,50,50
protocol_nll,wisdm_watch_accel,hist_gradient_boosting,20260919,1.0217706244087832,50,50
protocol_nll,wisdm_watch_accel,hist_gradient_boosting,20260920,1.013296501666621,50,50
protocol_nll,wisdm_watch_accel,logistic,20260911,0.68598950382228,50,50
protocol_nll,wisdm_watch_accel,logistic,20260912,0.7672399573171224,50,50
protocol_nll,wisdm_watch_accel,logistic,20260913,0.7894202274857798,50,50
protocol_nll,wisdm_watch_accel,logistic,20260914,0.7004868046375615,50,50
protocol_nll,wisdm_watch_accel,logistic,20260915,0.7598618276187443,50,50
protocol_nll,wisdm_watch_accel,logistic,20260916,0.9548496201806881,50,50
protocol_nll,wisdm_watch_accel,logistic,20260917,0.9478567719689407,50,50
protocol_nll,wisdm_watch_accel,logistic,20260918,1.1792633791223441,50,50
protocol_nll,wisdm_watch_accel,logistic,20260919,0.9844627475381074,50,50
protocol_nll,wisdm_watch_accel,logistic,20260920,0.989148418035963,50,50
protocol_nll,wisdm_watch_accel,random_forest,20260911,0.7629333414256132,50,50
protocol_nll,wisdm_watch_accel,random_forest,20260912,0.8421328210156956,50,50
protocol_nll,wisdm_watch_accel,random_forest,20260913,0.7452561881726457,50,50
protocol_nll,wisdm_watch_accel,random_forest,20260914,0.7620120095304541,50,50
protocol_nll,wisdm_watch_accel,random_forest,20260915,0.7497241842004669,50,50
protocol_nll,wisdm_watch_accel,random_forest,20260916,0.7061878319918924,50,50
protocol_nll,wisdm_watch_accel,random_forest,20260917,0.7925991221811937,50,50
protocol_nll,wisdm_watch_accel,random_forest,20260918,0.8462338768789006,50,50
protocol_nll,wisdm_watch_accel,random_forest,20260919,0.8234855629118499,50,50
protocol_nll,wisdm_watch_accel,random_forest,20260920,0.8317890612199919,50,50
selective80_iso,uci_har,cnn1d,20260911,-0.03391833557506142,30,30
selective80_iso,uci_har,cnn1d,20260912,-0.040967137369348726,30,30
selective80_iso,uci_har,cnn1d,20260913,-0.0410163563870052,30,30
selective80_iso,uci_har,cnn1d,20260914,-0.047496642028217004,30,30
selective80_iso,uci_har,cnn1d,20260915,-0.04432165376725086,30,30
selective80_iso,uci_har,cnn1d,20260916,-0.05347684662319076,30,30
selective80_iso,uci_har,cnn1d,20260917,-0.03811421033943403,30,30
selective80_iso,uci_har,cnn1d,20260918,-0.035892273983840636,30,30
selective80_iso,uci_har,cnn1d,20260919,-0.03825011818348778,30,30
selective80_iso,uci_har,cnn1d,20260920,-0.04984837760378282,30,30
selective80_iso,uci_har,extra_trees,20260911,-0.040864953398416975,30,30
selective80_iso,uci_har,extra_trees,20260912,-0.04203048644473221,30,30
selective80_iso,uci_har,extra_trees,20260913,-0.04093348429086484,30,30
selective80_iso,uci_har,extra_trees,20260914,-0.04341980544010029,30,30
selective80_iso,uci_har,extra_trees,20260915,-0.041336656569724864,30,30
selective80_iso,uci_har,extra_trees,20260916,-0.04074618065258761,30,30
selective80_iso,uci_har,extra_trees,20260917,-0.040610324232606604,30,30
selective80_iso,uci_har,extra_trees,20260918,-0.04191867842349653,30,30
selective80_iso,uci_har,extra_trees,20260919,-0.043265485689630484,30,30
selective80_iso,uci_har,extra_trees,20260920,-0.044005404563906655,30,30
selective80_iso,uci_har,hist_gradient_boosting,20260911,-0.03864863640851372,30,30
selective80_iso,uci_har,hist_gradient_boosting,20260912,-0.041519295709510996,30,30
selective80_iso,uci_har,hist_gradient_boosting,20260913,-0.041519295709510996,30,30
selective80_iso,uci_har,hist_gradient_boosting,20260914,-0.041519295709510996,30,30
selective80_iso,uci_har,hist_gradient_boosting,20260915,-0.041519295709510996,30,30
selective80_iso,uci_har,hist_gradient_boosting,20260916,-0.041519295709510996,30,30
selective80_iso,uci_har,hist_gradient_boosting,20260917,-0.041519295709510996,30,30
selective80_iso,uci_har,hist_gradient_boosting,20260918,-0.041519295709510996,30,30
selective80_iso,uci_har,hist_gradient_boosting,20260919,-0.03864863640851372,30,30
selective80_iso,uci_har,hist_gradient_boosting,20260920,-0.041519295709510996,30,30
selective80_iso,uci_har,logistic,20260911,-0.03370231265026446,30,30
selective80_iso,uci_har,logistic,20260912,-0.03555073080715381,30,30
selective80_iso,uci_har,logistic,20260913,-0.03555073080715381,30,30
selective80_iso,uci_har,logistic,20260914,-0.03555073080715381,30,30
selective80_iso,uci_har,logistic,20260915,-0.03555073080715381,30,30
selective80_iso,uci_har,logistic,20260916,-0.03555073080715381,30,30
selective80_iso,uci_har,logistic,20260917,-0.03555073080715381,30,30
selective80_iso,uci_har,logistic,20260918,-0.03555073080715381,30,30
selective80_iso,uci_har,logistic,20260919,-0.03370231265026446,30,30
selective80_iso,uci_har,logistic,20260920,-0.03555073080715381,30,30
selective80_iso,uci_har,random_forest,20260911,-0.04961962943793977,30,30
selective80_iso,uci_har,random_forest,20260912,-0.05669092174180569,30,30
selective80_iso,uci_har,random_forest,20260913,-0.056699211761669435,30,30
selective80_iso,uci_har,random_forest,20260914,-0.05770742508979202,30,30
selective80_iso,uci_har,random_forest,20260915,-0.05819574631539394,30,30
selective80_iso,uci_har,random_forest,20260916,-0.05633523169934909,30,30
selective80_iso,uci_har,random_forest,20260917,-0.0558322757087866,30,30
selective80_iso,uci_har,random_forest,20260918,-0.0560320298568366,30,30
selective80_iso,uci_har,random_forest,20260919,-0.049466548407491207,30,30
selective80_iso,uci_har,random_forest,20260920,-0.05749170758374734,30,30
selective80_iso,wisdm_watch_accel,cnn1d,20260911,-0.05571419212105097,50,50
selective80_iso,wisdm_watch_accel,cnn1d,20260912,-0.0540859437678512,50,50
selective80_iso,wisdm_watch_accel,cnn1d,20260913,-0.05098926085136872,50,50
selective80_iso,wisdm_watch_accel,cnn1d,20260914,-0.04030377189226361,50,50
selective80_iso,wisdm_watch_accel,cnn1d,20260915,-0.048558749711013253,50,50
selective80_iso,wisdm_watch_accel,cnn1d,20260916,-0.05236910260471194,50,50
selective80_iso,wisdm_watch_accel,cnn1d,20260917,-0.048904891974090495,50,50
selective80_iso,wisdm_watch_accel,cnn1d,20260918,-0.04647482730939585,50,50
selective80_iso,wisdm_watch_accel,cnn1d,20260919,-0.052358494879173205,50,50
selective80_iso,wisdm_watch_accel,cnn1d,20260920,-0.060520618195880796,50,50
selective80_iso,wisdm_watch_accel,extra_trees,20260911,-0.07131724956428073,50,50
selective80_iso,wisdm_watch_accel,extra_trees,20260912,-0.06801161389609742,50,50
selective80_iso,wisdm_watch_accel,extra_trees,20260913,-0.06702239062948917,50,50
selective80_iso,wisdm_watch_accel,extra_trees,20260914,-0.061171686603419755,50,50
selective80_iso,wisdm_watch_accel,extra_trees,20260915,-0.07056295071721559,50,50
selective80_iso,wisdm_watch_accel,extra_trees,20260916,-0.07209949544110217,50,50
selective80_iso,wisdm_watch_accel,extra_trees,20260917,-0.06286836171135043,50,50
selective80_iso,wisdm_watch_accel,extra_trees,20260918,-0.0656727892691906,50,50
selective80_iso,wisdm_watch_accel,extra_trees,20260919,-0.0670071717564567,50,50
selective80_iso,wisdm_watch_accel,extra_trees,20260920,-0.06208622770190793,50,50
selective80_iso,wisdm_watch_accel,hist_gradient_boosting,20260911,-0.06825477424139917,50,50
selective80_iso,wisdm_watch_accel,hist_gradient_boosting,20260912,-0.06691615616658306,50,50
selective80_iso,wisdm_watch_accel,hist_gradient_boosting,20260913,-0.06177201082001362,50,50
selective80_iso,wisdm_watch_accel,hist_gradient_boosting,20260914,-0.05901642241019148,50,50
selective80_iso,wisdm_watch_accel,hist_gradient_boosting,20260915,-0.0607045317123519,50,50
selective80_iso,wisdm_watch_accel,hist_gradient_boosting,20260916,-0.05918153590898173,50,50
selective80_iso,wisdm_watch_accel,hist_gradient_boosting,20260917,-0.06373800593479823,50,50
selective80_iso,wisdm_watch_accel,hist_gradient_boosting,20260918,-0.059177360861652616,50,50
selective80_iso,wisdm_watch_accel,hist_gradient_boosting,20260919,-0.06329796772126711,50,50
selective80_iso,wisdm_watch_accel,hist_gradient_boosting,20260920,-0.06149054860602936,50,50
selective80_iso,wisdm_watch_accel,logistic,20260911,-0.06394968233970486,50,50
selective80_iso,wisdm_watch_accel,logistic,20260912,-0.068945482177388,50,50
selective80_iso,wisdm_watch_accel,logistic,20260913,-0.06840854951176371,50,50
selective80_iso,wisdm_watch_accel,logistic,20260914,-0.06963516621798765,50,50
selective80_iso,wisdm_watch_accel,logistic,20260915,-0.07597935282876779,50,50
selective80_iso,wisdm_watch_accel,logistic,20260916,-0.07453172563165832,50,50
selective80_iso,wisdm_watch_accel,logistic,20260917,-0.06320845807535085,50,50
selective80_iso,wisdm_watch_accel,logistic,20260918,-0.059782386640690036,50,50
selective80_iso,wisdm_watch_accel,logistic,20260919,-0.06385803290740678,50,50
selective80_iso,wisdm_watch_accel,logistic,20260920,-0.06532694008949756,50,50
selective80_iso,wisdm_watch_accel,random_forest,20260911,-0.07155023187116924,50,50
selective80_iso,wisdm_watch_accel,random_forest,20260912,-0.06926826502962903,50,50
selective80_iso,wisdm_watch_accel,random_forest,20260913,-0.06766255185983118,50,50
selective80_iso,wisdm_watch_accel,random_forest,20260914,-0.05861807655439578,50,50
selective80_iso,wisdm_watch_accel,random_forest,20260915,-0.06592874298859712,50,50
selective80_iso,wisdm_watch_accel,random_forest,20260916,-0.07050255632221442,50,50
selective80_iso,wisdm_watch_accel,random_forest,20260917,-0.06963193440331138,50,50
selective80_iso,wisdm_watch_accel,random_forest,20260918,-0.06509893657250497,50,50
selective80_iso,wisdm_watch_accel,random_forest,20260919,-0.07117727471462555,50,50
selective80_iso,wisdm_watch_accel,random_forest,20260920,-0.06711445489245867,50,50
selective80_raw,uci_har,cnn1d,20260911,-0.044055567625425666,30,30
selective80_raw,uci_har,cnn1d,20260912,-0.05745868906818532,30,30
selective80_raw,uci_har,cnn1d,20260913,-0.05133543995663466,30,30
selective80_raw,uci_har,cnn1d,20260914,-0.042349337342526834,30,30
selective80_raw,uci_har,cnn1d,20260915,-0.049897029776656894,30,30
selective80_raw,uci_har,cnn1d,20260916,-0.05279244435189592,30,30
selective80_raw,uci_har,cnn1d,20260917,-0.041379629004719594,30,30
selective80_raw,uci_har,cnn1d,20260918,-0.054196298034841786,30,30
selective80_raw,uci_har,cnn1d,20260919,-0.037481842539449924,30,30
selective80_raw,uci_har,cnn1d,20260920,-0.057832905802049035,30,30
selective80_raw,uci_har,extra_trees,20260911,-0.044460666897352084,30,30
selective80_raw,uci_har,extra_trees,20260912,-0.04539865006098386,30,30
selective80_raw,uci_har,extra_trees,20260913,-0.0451669603656046,30,30
selective80_raw,uci_har,extra_trees,20260914,-0.04307260140626785,30,30
selective80_raw,uci_har,extra_trees,20260915,-0.04524063147238511,30,30
selective80_raw,uci_har,extra_trees,20260916,-0.04536235831874262,30,30
selective80_raw,uci_har,extra_trees,20260917,-0.0443991086721999,30,30
selective80_raw,uci_har,extra_trees,20260918,-0.045729297141697156,30,30
selective80_raw,uci_har,extra_trees,20260919,-0.04250268364005499,30,30
selective80_raw,uci_har,extra_trees,20260920,-0.04637994623834259,30,30
selective80_raw,uci_har,hist_gradient_boosting,20260911,-0.03895791971307164,30,30
selective80_raw,uci_har,hist_gradient_boosting,20260912,-0.04523092063565273,30,30
selective80_raw,uci_har,hist_gradient_boosting,20260913,-0.04523092063565273,30,30
selective80_raw,uci_har,hist_gradient_boosting,20260914,-0.04523092063565273,30,30
selective80_raw,uci_har,hist_gradient_boosting,20260915,-0.04523092063565273,30,30
selective80_raw,uci_har,hist_gradient_boosting,20260916,-0.04523092063565273,30,30
selective80_raw,uci_har,hist_gradient_boosting,20260917,-0.04523092063565273,30,30
selective80_raw,uci_har,hist_gradient_boosting,20260918,-0.04523092063565273,30,30
selective80_raw,uci_har,hist_gradient_boosting,20260919,-0.03895791971307164,30,30
selective80_raw,uci_har,hist_gradient_boosting,20260920,-0.04523092063565273,30,30
selective80_raw,uci_har,logistic,20260911,-0.03553094119007407,30,30
selective80_raw,uci_har,logistic,20260912,-0.03471174272839107,30,30
selective80_raw,uci_har,logistic,20260913,-0.03471174272839107,30,30
selective80_raw,uci_har,logistic,20260914,-0.03471174272839107,30,30
selective80_raw,uci_har,logistic,20260915,-0.03471174272839107,30,30
selective80_raw,uci_har,logistic,20260916,-0.03471174272839107,30,30
selective80_raw,uci_har,logistic,20260917,-0.03471174272839107,30,30
selective80_raw,uci_har,logistic,20260918,-0.03471174272839107,30,30
selective80_raw,uci_har,logistic,20260919,-0.03553094119007407,30,30
selective80_raw,uci_har,logistic,20260920,-0.03471174272839107,30,30
selective80_raw,uci_har,random_forest,20260911,-0.047192178363711784,30,30
selective80_raw,uci_har,random_forest,20260912,-0.050167111891659705,30,30
selective80_raw,uci_har,random_forest,20260913,-0.0493632049339706,30,30
selective80_raw,uci_har,random_forest,20260914,-0.048309561802633814,30,30
selective80_raw,uci_har,random_forest,20260915,-0.0495560586155228,30,30
selective80_raw,uci_har,random_forest,20260916,-0.04996815121289328,30,30
selective80_raw,uci_har,random_forest,20260917,-0.047019663918492646,30,30
selective80_raw,uci_har,random_forest,20260918,-0.0482089406207283,30,30
selective80_raw,uci_har,random_forest,20260919,-0.04605875954175734,30,30
selective80_raw,uci_har,random_forest,20260920,-0.046135945420740336,30,30
selective80_raw,wisdm_watch_accel,cnn1d,20260911,-0.04710645855439676,50,50
selective80_raw,wisdm_watch_accel,cnn1d,20260912,-0.058994316075497356,50,50
selective80_raw,wisdm_watch_accel,cnn1d,20260913,-0.06337739025400778,50,50
selective80_raw,wisdm_watch_accel,cnn1d,20260914,-0.05061126508836995,50,50
selective80_raw,wisdm_watch_accel,cnn1d,20260915,-0.0609777763581591,50,50
selective80_raw,wisdm_watch_accel,cnn1d,20260916,-0.05748336491481032,50,50
selective80_raw,wisdm_watch_accel,cnn1d,20260917,-0.05569217982220627,50,50
selective80_raw,wisdm_watch_accel,cnn1d,20260918,-0.049913381864883914,50,50
selective80_raw,wisdm_watch_accel,cnn1d,20260919,-0.0609343820767868,50,50
selective80_raw,wisdm_watch_accel,cnn1d,20260920,-0.06604525235665216,50,50
selective80_raw,wisdm_watch_accel,extra_trees,20260911,-0.06939032700449582,50,50
selective80_raw,wisdm_watch_accel,extra_trees,20260912,-0.0743835601586361,50,50
selective80_raw,wisdm_watch_accel,extra_trees,20260913,-0.07387610171620042,50,50
selective80_raw,wisdm_watch_accel,extra_trees,20260914,-0.06831414383776827,50,50
selective80_raw,wisdm_watch_accel,extra_trees,20260915,-0.07114233697090179,50,50
selective80_raw,wisdm_watch_accel,extra_trees,20260916,-0.07477358947913705,50,50
selective80_raw,wisdm_watch_accel,extra_trees,20260917,-0.07112132933628706,50,50
selective80_raw,wisdm_watch_accel,extra_trees,20260918,-0.06874917936067944,50,50
selective80_raw,wisdm_watch_accel,extra_trees,20260919,-0.07526756949410908,50,50
selective80_raw,wisdm_watch_accel,extra_trees,20260920,-0.06663718327428952,50,50
selective80_raw,wisdm_watch_accel,hist_gradient_boosting,20260911,-0.07134018826318757,50,50
selective80_raw,wisdm_watch_accel,hist_gradient_boosting,20260912,-0.07252557929142045,50,50
selective80_raw,wisdm_watch_accel,hist_gradient_boosting,20260913,-0.07243893174206746,50,50
selective80_raw,wisdm_watch_accel,hist_gradient_boosting,20260914,-0.06751257497584202,50,50
selective80_raw,wisdm_watch_accel,hist_gradient_boosting,20260915,-0.06945039479239801,50,50
selective80_raw,wisdm_watch_accel,hist_gradient_boosting,20260916,-0.06808458618243358,50,50
selective80_raw,wisdm_watch_accel,hist_gradient_boosting,20260917,-0.07058430182450755,50,50
selective80_raw,wisdm_watch_accel,hist_gradient_boosting,20260918,-0.06867882050484275,50,50
selective80_raw,wisdm_watch_accel,hist_gradient_boosting,20260919,-0.07161167782873873,50,50
selective80_raw,wisdm_watch_accel,hist_gradient_boosting,20260920,-0.06717526648189359,50,50
selective80_raw,wisdm_watch_accel,logistic,20260911,-0.07111447837009836,50,50
selective80_raw,wisdm_watch_accel,logistic,20260912,-0.06775223422714582,50,50
selective80_raw,wisdm_watch_accel,logistic,20260913,-0.07674636547986735,50,50
selective80_raw,wisdm_watch_accel,logistic,20260914,-0.0773240302809467,50,50
selective80_raw,wisdm_watch_accel,logistic,20260915,-0.0752165541482721,50,50
selective80_raw,wisdm_watch_accel,logistic,20260916,-0.0821460235252561,50,50
selective80_raw,wisdm_watch_accel,logistic,20260917,-0.07471377497269904,50,50
selective80_raw,wisdm_watch_accel,logistic,20260918,-0.07101691892597932,50,50
selective80_raw,wisdm_watch_accel,logistic,20260919,-0.07591747728536312,50,50
selective80_raw,wisdm_watch_accel,logistic,20260920,-0.06570144370182353,50,50
selective80_raw,wisdm_watch_accel,random_forest,20260911,-0.06820492713055804,50,50
selective80_raw,wisdm_watch_accel,random_forest,20260912,-0.07335269183662767,50,50
selective80_raw,wisdm_watch_accel,random_forest,20260913,-0.07262473299297519,50,50
selective80_raw,wisdm_watch_accel,random_forest,20260914,-0.07193720268898206,50,50
selective80_raw,wisdm_watch_accel,random_forest,20260915,-0.07502293714243274,50,50
selective80_raw,wisdm_watch_accel,random_forest,20260916,-0.07348145988061622,50,50
selective80_raw,wisdm_watch_accel,random_forest,20260917,-0.06990572149911657,50,50
selective80_raw,wisdm_watch_accel,random_forest,20260918,-0.07076170755544321,50,50
selective80_raw,wisdm_watch_accel,random_forest,20260919,-0.0709196566037673,50,50
selective80_raw,wisdm_watch_accel,random_forest,20260920,-0.0702062254744658,50,50
selective80_temp,uci_har,cnn1d,20260911,-0.0446012436753902,30,30
selective80_temp,uci_har,cnn1d,20260912,-0.05768323431868351,30,30
selective80_temp,uci_har,cnn1d,20260913,-0.05173837700024429,30,30
selective80_temp,uci_har,cnn1d,20260914,-0.04241488018309458,30,30
selective80_temp,uci_har,cnn1d,20260915,-0.05067895475428203,30,30
selective80_temp,uci_har,cnn1d,20260916,-0.05343343574599192,30,30
selective80_temp,uci_har,cnn1d,20260917,-0.041310465148643956,30,30
selective80_temp,uci_har,cnn1d,20260918,-0.05330502874402483,30,30
selective80_temp,uci_har,cnn1d,20260919,-0.03737518701537455,30,30
selective80_temp,uci_har,cnn1d,20260920,-0.05863732164396786,30,30
selective80_temp,uci_har,extra_trees,20260911,-0.04463716772587216,30,30
selective80_temp,uci_har,extra_trees,20260912,-0.046705039361550765,30,30
selective80_temp,uci_har,extra_trees,20260913,-0.04757782077770465,30,30
selective80_temp,uci_har,extra_trees,20260914,-0.0454987643352477,30,30
selective80_temp,uci_har,extra_trees,20260915,-0.047789495177542156,30,30
selective80_temp,uci_har,extra_trees,20260916,-0.04760217544398067,30,30
selective80_temp,uci_har,extra_trees,20260917,-0.047215229186845974,30,30
selective80_temp,uci_har,extra_trees,20260918,-0.046754093662306866,30,30
selective80_temp,uci_har,extra_trees,20260919,-0.044063715854496345,30,30
selective80_temp,uci_har,extra_trees,20260920,-0.04746247182960204,30,30
selective80_temp,uci_har,hist_gradient_boosting,20260911,-0.03830076266466522,30,30
selective80_temp,uci_har,hist_gradient_boosting,20260912,-0.04332299067318165,30,30
selective80_temp,uci_har,hist_gradient_boosting,20260913,-0.04332299067318165,30,30
selective80_temp,uci_har,hist_gradient_boosting,20260914,-0.04332299067318165,30,30
selective80_temp,uci_har,hist_gradient_boosting,20260915,-0.04332299067318165,30,30
selective80_temp,uci_har,hist_gradient_boosting,20260916,-0.04332299067318165,30,30
selective80_temp,uci_har,hist_gradient_boosting,20260917,-0.04332299067318165,30,30
selective80_temp,uci_har,hist_gradient_boosting,20260918,-0.04332299067318165,30,30
selective80_temp,uci_har,hist_gradient_boosting,20260919,-0.03830076266466522,30,30
selective80_temp,uci_har,hist_gradient_boosting,20260920,-0.04332299067318165,30,30
selective80_temp,uci_har,logistic,20260911,-0.03562653430755051,30,30
selective80_temp,uci_har,logistic,20260912,-0.03506980885743673,30,30
selective80_temp,uci_har,logistic,20260913,-0.03506980885743673,30,30
selective80_temp,uci_har,logistic,20260914,-0.03506980885743673,30,30
selective80_temp,uci_har,logistic,20260915,-0.03506980885743673,30,30
selective80_temp,uci_har,logistic,20260916,-0.03506980885743673,30,30
selective80_temp,uci_har,logistic,20260917,-0.03506980885743673,30,30
selective80_temp,uci_har,logistic,20260918,-0.03506980885743673,30,30
selective80_temp,uci_har,logistic,20260919,-0.03562653430755051,30,30
selective80_temp,uci_har,logistic,20260920,-0.03506980885743673,30,30
selective80_temp,uci_har,random_forest,20260911,-0.048827810797105645,30,30
selective80_temp,uci_har,random_forest,20260912,-0.05230576571274899,30,30
selective80_temp,uci_har,random_forest,20260913,-0.05157326124586112,30,30
selective80_temp,uci_har,random_forest,20260914,-0.05153339624172417,30,30
selective80_temp,uci_har,random_forest,20260915,-0.05156752048615333,30,30
selective80_temp,uci_har,random_forest,20260916,-0.05245958238181439,30,30
selective80_temp,uci_har,random_forest,20260917,-0.050477448373196294,30,30
selective80_temp,uci_har,random_forest,20260918,-0.0509815207026333,30,30
selective80_temp,uci_har,random_forest,20260919,-0.047291330991666373,30,30
selective80_temp,uci_har,random_forest,20260920,-0.048691784888969414,30,30
selective80_temp,wisdm_watch_accel,cnn1d,20260911,-0.04717098154723656,50,50
selective80_temp,wisdm_watch_accel,cnn1d,20260912,-0.0570391820115171,50,50
selective80_temp,wisdm_watch_accel,cnn1d,20260913,-0.059195806671382044,50,50
selective80_temp,wisdm_watch_accel,cnn1d,20260914,-0.048423717926310825,50,50
selective80_temp,wisdm_watch_accel,cnn1d,20260915,-0.05738033238233657,50,50
selective80_temp,wisdm_watch_accel,cnn1d,20260916,-0.05486376349873226,50,50
selective80_temp,wisdm_watch_accel,cnn1d,20260917,-0.051811661196586735,50,50
selective80_temp,wisdm_watch_accel,cnn1d,20260918,-0.04965109815271886,50,50
selective80_temp,wisdm_watch_accel,cnn1d,20260919,-0.05976503999215528,50,50
selective80_temp,wisdm_watch_accel,cnn1d,20260920,-0.061750803379990414,50,50
selective80_temp,wisdm_watch_accel,extra_trees,20260911,-0.06796356244546638,50,50
selective80_temp,wisdm_watch_accel,extra_trees,20260912,-0.07419724667108027,50,50
selective80_temp,wisdm_watch_accel,extra_trees,20260913,-0.0706367201235789,50,50
selective80_temp,wisdm_watch_accel,extra_trees,20260914,-0.06771537450530764,50,50
selective80_temp,wisdm_watch_accel,extra_trees,20260915,-0.07200219330417562,50,50
selective80_temp,wisdm_watch_accel,extra_trees,20260916,-0.07090478257453531,50,50
selective80_temp,wisdm_watch_accel,extra_trees,20260917,-0.06686222651687665,50,50
selective80_temp,wisdm_watch_accel,extra_trees,20260918,-0.06456425347837405,50,50
selective80_temp,wisdm_watch_accel,extra_trees,20260919,-0.07267397182766956,50,50
selective80_temp,wisdm_watch_accel,extra_trees,20260920,-0.06915675451888538,50,50
selective80_temp,wisdm_watch_accel,hist_gradient_boosting,20260911,-0.07082036358973498,50,50
selective80_temp,wisdm_watch_accel,hist_gradient_boosting,20260912,-0.06708421309292145,50,50
selective80_temp,wisdm_watch_accel,hist_gradient_boosting,20260913,-0.06920976411966744,50,50
selective80_temp,wisdm_watch_accel,hist_gradient_boosting,20260914,-0.062955119205551,50,50
selective80_temp,wisdm_watch_accel,hist_gradient_boosting,20260915,-0.06824322173678929,50,50
selective80_temp,wisdm_watch_accel,hist_gradient_boosting,20260916,-0.06661364221431164,50,50
selective80_temp,wisdm_watch_accel,hist_gradient_boosting,20260917,-0.06932809616451559,50,50
selective80_temp,wisdm_watch_accel,hist_gradient_boosting,20260918,-0.06892181642022956,50,50
selective80_temp,wisdm_watch_accel,hist_gradient_boosting,20260919,-0.07205237853485001,50,50
selective80_temp,wisdm_watch_accel,hist_gradient_boosting,20260920,-0.06343912471658586,50,50
selective80_temp,wisdm_watch_accel,logistic,20260911,-0.07115405703533927,50,50
selective80_temp,wisdm_watch_accel,logistic,20260912,-0.06953621646002105,50,50
selective80_temp,wisdm_watch_accel,logistic,20260913,-0.07568281013448032,50,50
selective80_temp,wisdm_watch_accel,logistic,20260914,-0.07371471631303715,50,50
selective80_temp,wisdm_watch_accel,logistic,20260915,-0.07251952619112928,50,50
selective80_temp,wisdm_watch_accel,logistic,20260916,-0.07764190700317394,50,50
selective80_temp,wisdm_watch_accel,logistic,20260917,-0.07015094039943873,50,50
selective80_temp,wisdm_watch_accel,logistic,20260918,-0.06977491306794707,50,50
selective80_temp,wisdm_watch_accel,logistic,20260919,-0.07605033952585682,50,50
selective80_temp,wisdm_watch_accel,logistic,20260920,-0.06579115021393608,50,50
selective80_temp,wisdm_watch_accel,random_forest,20260911,-0.07361409565104055,50,50
selective80_temp,wisdm_watch_accel,random_forest,20260912,-0.07335218739877432,50,50
selective80_temp,wisdm_watch_accel,random_forest,20260913,-0.07166319255416267,50,50
selective80_temp,wisdm_watch_accel,random_forest,20260914,-0.07390195981588045,50,50
selective80_temp,wisdm_watch_accel,random_forest,20260915,-0.07758624429745369,50,50
selective80_temp,wisdm_watch_accel,random_forest,20260916,-0.07398446720907148,50,50
selective80_temp,wisdm_watch_accel,random_forest,20260917,-0.06874211267587668,50,50
selective80_temp,wisdm_watch_accel,random_forest,20260918,-0.07024608787580618,50,50
selective80_temp,wisdm_watch_accel,random_forest,20260919,-0.06894530035583517,50,50
selective80_temp,wisdm_watch_accel,random_forest,20260920,-0.07264331619938803,50,50
